# Exported from MCP-authored Blockbench model
mtllib furnace_staff.mtl
o wooden_shaft
usemtl steel
v 0.4625000 -0.7500000 0.4737500
vt 0.6764583 0.7150000
v 0.4700000 -0.6250000 0.4720000
vt 0.6773333 0.7052778
v 0.4827500 -0.6250000 0.4600000
vt 0.6788208 0.7052778
v 0.4737500 -0.7500000 0.4625000
vt 0.6777708 0.7150000
f 1/1 2/2 3/3 4/4
v 0.4737500 -0.7500000 0.4625000
vt 0.6777708 0.7150000
v 0.4827500 -0.6250000 0.4600000
vt 0.6788208 0.7052778
v 0.5422500 -0.6250000 0.4600000
vt 0.6857625 0.7052778
v 0.5262500 -0.7500000 0.4625000
vt 0.6838958 0.7150000
f 5/5 6/6 7/7 8/8
v 0.5262500 -0.7500000 0.4625000
vt 0.6838958 0.7150000
v 0.5422500 -0.6250000 0.4600000
vt 0.6857625 0.7052778
v 0.5550000 -0.6250000 0.4720000
vt 0.6872500 0.7052778
v 0.5375000 -0.7500000 0.4737500
vt 0.6852083 0.7150000
f 9/9 10/10 11/11 12/12
v 0.5375000 -0.7500000 0.4737500
vt 0.6777708 0.7150000
v 0.5550000 -0.6250000 0.4720000
vt 0.6775667 0.7052778
v 0.5550000 -0.6250000 0.5280000
vt 0.6841000 0.7052778
v 0.5375000 -0.7500000 0.5262500
vt 0.6838958 0.7150000
f 13/13 14/14 15/15 16/16
v 0.5375000 -0.7500000 0.5262500
vt 0.6852083 0.7150000
v 0.5550000 -0.6250000 0.5280000
vt 0.6872500 0.7052778
v 0.5422500 -0.6250000 0.5400000
vt 0.6857625 0.7052778
v 0.5262500 -0.7500000 0.5375000
vt 0.6838958 0.7150000
f 17/17 18/18 19/19 20/20
v 0.5262500 -0.7500000 0.5375000
vt 0.6838958 0.7150000
v 0.5422500 -0.6250000 0.5400000
vt 0.6857625 0.7052778
v 0.4827500 -0.6250000 0.5400000
vt 0.6788208 0.7052778
v 0.4737500 -0.7500000 0.5375000
vt 0.6777708 0.7150000
f 21/21 22/22 23/23 24/24
v 0.4737500 -0.7500000 0.5375000
vt 0.6777708 0.7150000
v 0.4827500 -0.6250000 0.5400000
vt 0.6788208 0.7052778
v 0.4700000 -0.6250000 0.5280000
vt 0.6773333 0.7052778
v 0.4625000 -0.7500000 0.5262500
vt 0.6764583 0.7150000
f 25/25 26/26 27/27 28/28
v 0.4625000 -0.7500000 0.5262500
vt 0.6838958 0.7150000
v 0.4700000 -0.6250000 0.5280000
vt 0.6841000 0.7052778
v 0.4700000 -0.6250000 0.4720000
vt 0.6775667 0.7052778
v 0.4625000 -0.7500000 0.4737500
vt 0.6777708 0.7150000
f 29/29 30/30 31/31 32/32
v 0.4700000 -0.6250000 0.4720000
vt 0.6773333 0.7052778
v 0.4600000 0.0000000 0.4733125
vt 0.6761667 0.6566667
v 0.4720000 0.0000000 0.4618750
vt 0.6775667 0.6566667
v 0.4827500 -0.6250000 0.4600000
vt 0.6788208 0.7052778
f 33/33 34/34 35/35 36/36
v 0.4827500 -0.6250000 0.4600000
vt 0.6788208 0.7052778
v 0.4720000 0.0000000 0.4618750
vt 0.6775667 0.6566667
v 0.5280000 0.0000000 0.4618750
vt 0.6841000 0.6566667
v 0.5422500 -0.6250000 0.4600000
vt 0.6857625 0.7052778
f 37/37 38/38 39/39 40/40
v 0.5422500 -0.6250000 0.4600000
vt 0.6857625 0.7052778
v 0.5280000 0.0000000 0.4618750
vt 0.6841000 0.6566667
v 0.5400000 0.0000000 0.4733125
vt 0.6855000 0.6566667
v 0.5550000 -0.6250000 0.4720000
vt 0.6872500 0.7052778
f 41/41 42/42 43/43 44/44
v 0.5550000 -0.6250000 0.4720000
vt 0.6775667 0.7052778
v 0.5400000 0.0000000 0.4733125
vt 0.6777198 0.6566667
v 0.5400000 0.0000000 0.5266875
vt 0.6839469 0.6566667
v 0.5550000 -0.6250000 0.5280000
vt 0.6841000 0.7052778
f 45/45 46/46 47/47 48/48
v 0.5550000 -0.6250000 0.5280000
vt 0.6872500 0.7052778
v 0.5400000 0.0000000 0.5266875
vt 0.6855000 0.6566667
v 0.5280000 0.0000000 0.5381250
vt 0.6841000 0.6566667
v 0.5422500 -0.6250000 0.5400000
vt 0.6857625 0.7052778
f 49/49 50/50 51/51 52/52
v 0.5422500 -0.6250000 0.5400000
vt 0.6857625 0.7052778
v 0.5280000 0.0000000 0.5381250
vt 0.6841000 0.6566667
v 0.4720000 0.0000000 0.5381250
vt 0.6775667 0.6566667
v 0.4827500 -0.6250000 0.5400000
vt 0.6788208 0.7052778
f 53/53 54/54 55/55 56/56
v 0.4827500 -0.6250000 0.5400000
vt 0.6788208 0.7052778
v 0.4720000 0.0000000 0.5381250
vt 0.6775667 0.6566667
v 0.4600000 0.0000000 0.5266875
vt 0.6761667 0.6566667
v 0.4700000 -0.6250000 0.5280000
vt 0.6773333 0.7052778
f 57/57 58/58 59/59 60/60
v 0.4700000 -0.6250000 0.5280000
vt 0.6841000 0.7052778
v 0.4600000 0.0000000 0.5266875
vt 0.6839469 0.6566667
v 0.4600000 0.0000000 0.4733125
vt 0.6777198 0.6566667
v 0.4700000 -0.6250000 0.4720000
vt 0.6775667 0.7052778
f 61/61 62/62 63/63 64/64
v 0.4600000 0.0000000 0.4733125
vt 0.6761667 0.6566667
v 0.4406250 0.5625000 0.4813750
vt 0.6739063 0.6129167
v 0.4537500 0.5625000 0.4693750
vt 0.6754375 0.6129167
v 0.4720000 0.0000000 0.4618750
vt 0.6775667 0.6566667
f 65/65 66/66 67/67 68/68
v 0.4720000 0.0000000 0.4618750
vt 0.6775667 0.6566667
v 0.4537500 0.5625000 0.4693750
vt 0.6754375 0.6129167
v 0.5150000 0.5625000 0.4693750
vt 0.6825833 0.6129167
v 0.5280000 0.0000000 0.4618750
vt 0.6841000 0.6566667
f 69/69 70/70 71/71 72/72
v 0.5280000 0.0000000 0.4618750
vt 0.6841000 0.6566667
v 0.5150000 0.5625000 0.4693750
vt 0.6825833 0.6129167
v 0.5281250 0.5625000 0.4813750
vt 0.6841146 0.6129167
v 0.5400000 0.0000000 0.4733125
vt 0.6855000 0.6566667
f 73/73 74/74 75/75 76/76
v 0.5400000 0.0000000 0.4733125
vt 0.6777198 0.6566667
v 0.5281250 0.5625000 0.4813750
vt 0.6786604 0.6129167
v 0.5281250 0.5625000 0.5373750
vt 0.6851937 0.6129167
v 0.5400000 0.0000000 0.5266875
vt 0.6839469 0.6566667
f 77/77 78/78 79/79 80/80
v 0.5400000 0.0000000 0.5266875
vt 0.6855000 0.6566667
v 0.5281250 0.5625000 0.5373750
vt 0.6841146 0.6129167
v 0.5150000 0.5625000 0.5493750
vt 0.6825833 0.6129167
v 0.5280000 0.0000000 0.5381250
vt 0.6841000 0.6566667
f 81/81 82/82 83/83 84/84
v 0.5280000 0.0000000 0.5381250
vt 0.6841000 0.6566667
v 0.5150000 0.5625000 0.5493750
vt 0.6825833 0.6129167
v 0.4537500 0.5625000 0.5493750
vt 0.6754375 0.6129167
v 0.4720000 0.0000000 0.5381250
vt 0.6775667 0.6566667
f 85/85 86/86 87/87 88/88
v 0.4720000 0.0000000 0.5381250
vt 0.6775667 0.6566667
v 0.4537500 0.5625000 0.5493750
vt 0.6754375 0.6129167
v 0.4406250 0.5625000 0.5373750
vt 0.6739063 0.6129167
v 0.4600000 0.0000000 0.5266875
vt 0.6761667 0.6566667
f 89/89 90/90 91/91 92/92
v 0.4600000 0.0000000 0.5266875
vt 0.6839469 0.6566667
v 0.4406250 0.5625000 0.5373750
vt 0.6851937 0.6129167
v 0.4406250 0.5625000 0.4813750
vt 0.6786604 0.6129167
v 0.4600000 0.0000000 0.4733125
vt 0.6777198 0.6566667
f 93/93 94/94 95/95 96/96
v 0.4406250 0.5625000 0.4813750
vt 0.6739063 0.6129167
v 0.4468750 1.1656250 0.4671875
vt 0.6746354 0.5660069
v 0.4628125 1.1656250 0.4531250
vt 0.6764948 0.5660069
v 0.4537500 0.5625000 0.4693750
vt 0.6754375 0.6129167
f 97/97 98/98 99/99 100/100
v 0.4537500 0.5625000 0.4693750
vt 0.6754375 0.6129167
v 0.4628125 1.1656250 0.4531250
vt 0.6764948 0.5660069
v 0.5371875 1.1656250 0.4531250
vt 0.6851719 0.5660069
v 0.5150000 0.5625000 0.4693750
vt 0.6825833 0.6129167
f 101/101 102/102 103/103 104/104
v 0.5150000 0.5625000 0.4693750
vt 0.6825833 0.6129167
v 0.5371875 1.1656250 0.4531250
vt 0.6851719 0.5660069
v 0.5531250 1.1656250 0.4671875
vt 0.6870313 0.5660069
v 0.5281250 0.5625000 0.4813750
vt 0.6841146 0.6129167
f 105/105 106/106 107/107 108/108
v 0.5281250 0.5625000 0.4813750
vt 0.6786604 0.6129167
v 0.5531250 1.1656250 0.4671875
vt 0.6770052 0.5660069
v 0.5531250 1.1656250 0.5328125
vt 0.6846615 0.5660069
v 0.5281250 0.5625000 0.5373750
vt 0.6851937 0.6129167
f 109/109 110/110 111/111 112/112
v 0.5281250 0.5625000 0.5373750
vt 0.6841146 0.6129167
v 0.5531250 1.1656250 0.5328125
vt 0.6870313 0.5660069
v 0.5371875 1.1656250 0.5468750
vt 0.6851719 0.5660069
v 0.5150000 0.5625000 0.5493750
vt 0.6825833 0.6129167
f 113/113 114/114 115/115 116/116
v 0.5150000 0.5625000 0.5493750
vt 0.6825833 0.6129167
v 0.5371875 1.1656250 0.5468750
vt 0.6851719 0.5660069
v 0.4628125 1.1656250 0.5468750
vt 0.6764948 0.5660069
v 0.4537500 0.5625000 0.5493750
vt 0.6754375 0.6129167
f 117/117 118/118 119/119 120/120
v 0.4537500 0.5625000 0.5493750
vt 0.6754375 0.6129167
v 0.4628125 1.1656250 0.5468750
vt 0.6764948 0.5660069
v 0.4468750 1.1656250 0.5328125
vt 0.6746354 0.5660069
v 0.4406250 0.5625000 0.5373750
vt 0.6739063 0.6129167
f 121/121 122/122 123/123 124/124
v 0.4406250 0.5625000 0.5373750
vt 0.6851937 0.6129167
v 0.4468750 1.1656250 0.5328125
vt 0.6846615 0.5660069
v 0.4468750 1.1656250 0.4671875
vt 0.6770052 0.5660069
v 0.4406250 0.5625000 0.4813750
vt 0.6786604 0.6129167
f 125/125 126/126 127/127 128/128
v 0.5000000 -0.7500000 0.5000000
vt 0.6808333 0.6177778
v 0.4625000 -0.7500000 0.4737500
vt 0.6764583 0.6198194
v 0.4737500 -0.7500000 0.4625000
vt 0.6777708 0.6206944
f 129/129 130/130 131/131
v 0.5000000 -0.7500000 0.5000000
vt 0.6808333 0.6177778
v 0.4737500 -0.7500000 0.4625000
vt 0.6777708 0.6206944
v 0.5262500 -0.7500000 0.4625000
vt 0.6838958 0.6206944
f 132/132 133/133 134/134
v 0.5000000 -0.7500000 0.5000000
vt 0.6808333 0.6177778
v 0.5262500 -0.7500000 0.4625000
vt 0.6838958 0.6206944
v 0.5375000 -0.7500000 0.4737500
vt 0.6852083 0.6198194
f 135/135 136/136 137/137
v 0.5000000 -0.7500000 0.5000000
vt 0.6808333 0.6177778
v 0.5375000 -0.7500000 0.4737500
vt 0.6852083 0.6198194
v 0.5375000 -0.7500000 0.5262500
vt 0.6852083 0.6157361
f 138/138 139/139 140/140
v 0.5000000 -0.7500000 0.5000000
vt 0.6808333 0.6177778
v 0.5375000 -0.7500000 0.5262500
vt 0.6852083 0.6157361
v 0.5262500 -0.7500000 0.5375000
vt 0.6838958 0.6148611
f 141/141 142/142 143/143
v 0.5000000 -0.7500000 0.5000000
vt 0.6808333 0.6177778
v 0.5262500 -0.7500000 0.5375000
vt 0.6838958 0.6148611
v 0.4737500 -0.7500000 0.5375000
vt 0.6777708 0.6148611
f 144/144 145/145 146/146
v 0.5000000 -0.7500000 0.5000000
vt 0.6808333 0.6177778
v 0.4737500 -0.7500000 0.5375000
vt 0.6777708 0.6148611
v 0.4625000 -0.7500000 0.5262500
vt 0.6764583 0.6157361
f 147/147 148/148 149/149
v 0.5000000 -0.7500000 0.5000000
vt 0.6808333 0.6177778
v 0.4625000 -0.7500000 0.5262500
vt 0.6764583 0.6157361
v 0.4625000 -0.7500000 0.4737500
vt 0.6764583 0.6198194
f 150/150 151/151 152/152
v 0.4628125 1.1656250 0.4531250
vt 0.6764948 0.6214236
v 0.4468750 1.1656250 0.4671875
vt 0.6746354 0.6203299
v 0.5000000 1.1656250 0.5000000
vt 0.6808333 0.6177778
f 153/153 154/154 155/155
v 0.5371875 1.1656250 0.4531250
vt 0.6851719 0.6214236
v 0.4628125 1.1656250 0.4531250
vt 0.6764948 0.6214236
v 0.5000000 1.1656250 0.5000000
vt 0.6808333 0.6177778
f 156/156 157/157 158/158
v 0.5531250 1.1656250 0.4671875
vt 0.6870313 0.6203299
v 0.5371875 1.1656250 0.4531250
vt 0.6851719 0.6214236
v 0.5000000 1.1656250 0.5000000
vt 0.6808333 0.6177778
f 159/159 160/160 161/161
v 0.5531250 1.1656250 0.5328125
vt 0.6870313 0.6152257
v 0.5531250 1.1656250 0.4671875
vt 0.6870313 0.6203299
v 0.5000000 1.1656250 0.5000000
vt 0.6808333 0.6177778
f 162/162 163/163 164/164
v 0.5371875 1.1656250 0.5468750
vt 0.6851719 0.6141319
v 0.5531250 1.1656250 0.5328125
vt 0.6870313 0.6152257
v 0.5000000 1.1656250 0.5000000
vt 0.6808333 0.6177778
f 165/165 166/166 167/167
v 0.4628125 1.1656250 0.5468750
vt 0.6764948 0.6141319
v 0.5371875 1.1656250 0.5468750
vt 0.6851719 0.6141319
v 0.5000000 1.1656250 0.5000000
vt 0.6808333 0.6177778
f 168/168 169/169 170/170
v 0.4468750 1.1656250 0.5328125
vt 0.6746354 0.6152257
v 0.4628125 1.1656250 0.5468750
vt 0.6764948 0.6141319
v 0.5000000 1.1656250 0.5000000
vt 0.6808333 0.6177778
f 171/171 172/172 173/173
v 0.4468750 1.1656250 0.4671875
vt 0.6746354 0.6203299
v 0.4468750 1.1656250 0.5328125
vt 0.6746354 0.6152257
v 0.5000000 1.1656250 0.5000000
vt 0.6808333 0.6177778
f 174/174 175/175 176/176
o iron_foot_ferrule
usemtl steel
v 0.4625000 -0.7687500 0.4737500
vt 0.4264583 0.6198194
v 0.4418750 -0.7500000 0.4628125
vt 0.4240521 0.6206701
v 0.4593125 -0.7500000 0.4468750
vt 0.4260865 0.6219097
v 0.4737500 -0.7687500 0.4625000
vt 0.4277708 0.6206944
f 177/177 178/178 179/179 180/180
v 0.4737500 -0.7687500 0.4625000
vt 0.4277708 0.7164583
v 0.4593125 -0.7500000 0.4468750
vt 0.4260865 0.7150000
v 0.5406875 -0.7500000 0.4468750
vt 0.4355802 0.7150000
v 0.5262500 -0.7687500 0.4625000
vt 0.4338958 0.7164583
f 181/181 182/182 183/183 184/184
v 0.5262500 -0.7687500 0.4625000
vt 0.4338958 0.6206944
v 0.5406875 -0.7500000 0.4468750
vt 0.4355802 0.6219097
v 0.5581250 -0.7500000 0.4628125
vt 0.4376146 0.6206701
v 0.5375000 -0.7687500 0.4737500
vt 0.4352083 0.6198194
f 185/185 186/186 187/187 188/188
v 0.5375000 -0.7687500 0.4737500
vt 0.4352083 0.6198194
v 0.5581250 -0.7500000 0.4628125
vt 0.4376146 0.6206701
v 0.5581250 -0.7500000 0.5371875
vt 0.4376146 0.6148854
v 0.5375000 -0.7687500 0.5262500
vt 0.4352083 0.6157361
f 189/189 190/190 191/191 192/192
v 0.5375000 -0.7687500 0.5262500
vt 0.4352083 0.6157361
v 0.5581250 -0.7500000 0.5371875
vt 0.4376146 0.6148854
v 0.5406875 -0.7500000 0.5531250
vt 0.4355802 0.6136458
v 0.5262500 -0.7687500 0.5375000
vt 0.4338958 0.6148611
f 193/193 194/194 195/195 196/196
v 0.5262500 -0.7687500 0.5375000
vt 0.4338958 0.7164583
v 0.5406875 -0.7500000 0.5531250
vt 0.4355802 0.7150000
v 0.4593125 -0.7500000 0.5531250
vt 0.4260865 0.7150000
v 0.4737500 -0.7687500 0.5375000
vt 0.4277708 0.7164583
f 197/197 198/198 199/199 200/200
v 0.4737500 -0.7687500 0.5375000
vt 0.4277708 0.6148611
v 0.4593125 -0.7500000 0.5531250
vt 0.4260865 0.6136458
v 0.4418750 -0.7500000 0.5371875
vt 0.4240521 0.6148854
v 0.4625000 -0.7687500 0.5262500
vt 0.4264583 0.6157361
f 201/201 202/202 203/203 204/204
v 0.4625000 -0.7687500 0.5262500
vt 0.4264583 0.6157361
v 0.4418750 -0.7500000 0.5371875
vt 0.4240521 0.6148854
v 0.4418750 -0.7500000 0.4628125
vt 0.4240521 0.6206701
v 0.4625000 -0.7687500 0.4737500
vt 0.4264583 0.6198194
f 205/205 206/206 207/207 208/208
v 0.4418750 -0.7500000 0.4628125
vt 0.4240521 0.7150000
v 0.4518750 -0.6406250 0.4619375
vt 0.4252187 0.7064931
v 0.4700625 -0.6406250 0.4456250
vt 0.4273406 0.7064931
v 0.4593125 -0.7500000 0.4468750
vt 0.4260865 0.7150000
f 209/209 210/210 211/211 212/212
v 0.4593125 -0.7500000 0.4468750
vt 0.4260865 0.7150000
v 0.4700625 -0.6406250 0.4456250
vt 0.4273406 0.7064931
v 0.5549375 -0.6406250 0.4456250
vt 0.4372427 0.7064931
v 0.5406875 -0.7500000 0.4468750
vt 0.4355802 0.7150000
f 213/213 214/214 215/215 216/216
v 0.5406875 -0.7500000 0.4468750
vt 0.4355802 0.7150000
v 0.5549375 -0.6406250 0.4456250
vt 0.4372427 0.7064931
v 0.5731250 -0.6406250 0.4619375
vt 0.4393646 0.7064931
v 0.5581250 -0.7500000 0.4628125
vt 0.4376146 0.7150000
f 217/217 218/218 219/219 220/220
v 0.5581250 -0.7500000 0.4628125
vt 0.4264948 0.7150000
v 0.5731250 -0.6406250 0.4619375
vt 0.4263927 0.7064931
v 0.5731250 -0.6406250 0.5380625
vt 0.4352740 0.7064931
v 0.5581250 -0.7500000 0.5371875
vt 0.4351719 0.7150000
f 221/221 222/222 223/223 224/224
v 0.5581250 -0.7500000 0.5371875
vt 0.4376146 0.7150000
v 0.5731250 -0.6406250 0.5380625
vt 0.4393646 0.7064931
v 0.5549375 -0.6406250 0.5543750
vt 0.4372427 0.7064931
v 0.5406875 -0.7500000 0.5531250
vt 0.4355802 0.7150000
f 225/225 226/226 227/227 228/228
v 0.5406875 -0.7500000 0.5531250
vt 0.4355802 0.7150000
v 0.5549375 -0.6406250 0.5543750
vt 0.4372427 0.7064931
v 0.4700625 -0.6406250 0.5543750
vt 0.4273406 0.7064931
v 0.4593125 -0.7500000 0.5531250
vt 0.4260865 0.7150000
f 229/229 230/230 231/231 232/232
v 0.4593125 -0.7500000 0.5531250
vt 0.4260865 0.7150000
v 0.4700625 -0.6406250 0.5543750
vt 0.4273406 0.7064931
v 0.4518750 -0.6406250 0.5380625
vt 0.4252187 0.7064931
v 0.4418750 -0.7500000 0.5371875
vt 0.4240521 0.7150000
f 233/233 234/234 235/235 236/236
v 0.4418750 -0.7500000 0.5371875
vt 0.4351719 0.7150000
v 0.4518750 -0.6406250 0.5380625
vt 0.4352740 0.7064931
v 0.4518750 -0.6406250 0.4619375
vt 0.4263927 0.7064931
v 0.4418750 -0.7500000 0.4628125
vt 0.4264948 0.7150000
f 237/237 238/238 239/239 240/240
v 0.4518750 -0.6406250 0.4619375
vt 0.4252187 0.7064931
v 0.4662500 -0.6187500 0.4693750
vt 0.4268958 0.7047917
v 0.4801250 -0.6187500 0.4562500
vt 0.4285146 0.7047917
v 0.4700625 -0.6406250 0.4456250
vt 0.4273406 0.7064931
f 241/241 242/242 243/243 244/244
v 0.4700625 -0.6406250 0.4456250
vt 0.4273406 0.7064931
v 0.4801250 -0.6187500 0.4562500
vt 0.4285146 0.7047917
v 0.5448750 -0.6187500 0.4562500
vt 0.4360687 0.7047917
v 0.5549375 -0.6406250 0.4456250
vt 0.4372427 0.7064931
f 245/245 246/246 247/247 248/248
v 0.5549375 -0.6406250 0.4456250
vt 0.4372427 0.7064931
v 0.5448750 -0.6187500 0.4562500
vt 0.4360687 0.7047917
v 0.5587500 -0.6187500 0.4693750
vt 0.4376875 0.7047917
v 0.5731250 -0.6406250 0.4619375
vt 0.4393646 0.7064931
f 249/249 250/250 251/251 252/252
v 0.5731250 -0.6406250 0.4619375
vt 0.4263927 0.7064931
v 0.5587500 -0.6187500 0.4693750
vt 0.4272604 0.7047917
v 0.5587500 -0.6187500 0.5306250
vt 0.4344063 0.7047917
v 0.5731250 -0.6406250 0.5380625
vt 0.4352740 0.7064931
f 253/253 254/254 255/255 256/256
v 0.5731250 -0.6406250 0.5380625
vt 0.4393646 0.7064931
v 0.5587500 -0.6187500 0.5306250
vt 0.4376875 0.7047917
v 0.5448750 -0.6187500 0.5437500
vt 0.4360687 0.7047917
v 0.5549375 -0.6406250 0.5543750
vt 0.4372427 0.7064931
f 257/257 258/258 259/259 260/260
v 0.5549375 -0.6406250 0.5543750
vt 0.4372427 0.7064931
v 0.5448750 -0.6187500 0.5437500
vt 0.4360687 0.7047917
v 0.4801250 -0.6187500 0.5437500
vt 0.4285146 0.7047917
v 0.4700625 -0.6406250 0.5543750
vt 0.4273406 0.7064931
f 261/261 262/262 263/263 264/264
v 0.4700625 -0.6406250 0.5543750
vt 0.4273406 0.7064931
v 0.4801250 -0.6187500 0.5437500
vt 0.4285146 0.7047917
v 0.4662500 -0.6187500 0.5306250
vt 0.4268958 0.7047917
v 0.4518750 -0.6406250 0.5380625
vt 0.4252187 0.7064931
f 265/265 266/266 267/267 268/268
v 0.4518750 -0.6406250 0.5380625
vt 0.4352740 0.7064931
v 0.4662500 -0.6187500 0.5306250
vt 0.4344063 0.7047917
v 0.4662500 -0.6187500 0.4693750
vt 0.4272604 0.7047917
v 0.4518750 -0.6406250 0.4619375
vt 0.4263927 0.7064931
f 269/269 270/270 271/271 272/272
v 0.5000000 -0.7687500 0.5000000
vt 0.4308333 0.6177778
v 0.4625000 -0.7687500 0.4737500
vt 0.4264583 0.6198194
v 0.4737500 -0.7687500 0.4625000
vt 0.4277708 0.6206944
f 273/273 274/274 275/275
v 0.5000000 -0.7687500 0.5000000
vt 0.4308333 0.6177778
v 0.4737500 -0.7687500 0.4625000
vt 0.4277708 0.6206944
v 0.5262500 -0.7687500 0.4625000
vt 0.4338958 0.6206944
f 276/276 277/277 278/278
v 0.5000000 -0.7687500 0.5000000
vt 0.4308333 0.6177778
v 0.5262500 -0.7687500 0.4625000
vt 0.4338958 0.6206944
v 0.5375000 -0.7687500 0.4737500
vt 0.4352083 0.6198194
f 279/279 280/280 281/281
v 0.5000000 -0.7687500 0.5000000
vt 0.4308333 0.6177778
v 0.5375000 -0.7687500 0.4737500
vt 0.4352083 0.6198194
v 0.5375000 -0.7687500 0.5262500
vt 0.4352083 0.6157361
f 282/282 283/283 284/284
v 0.5000000 -0.7687500 0.5000000
vt 0.4308333 0.6177778
v 0.5375000 -0.7687500 0.5262500
vt 0.4352083 0.6157361
v 0.5262500 -0.7687500 0.5375000
vt 0.4338958 0.6148611
f 285/285 286/286 287/287
v 0.5000000 -0.7687500 0.5000000
vt 0.4308333 0.6177778
v 0.5262500 -0.7687500 0.5375000
vt 0.4338958 0.6148611
v 0.4737500 -0.7687500 0.5375000
vt 0.4277708 0.6148611
f 288/288 289/289 290/290
v 0.5000000 -0.7687500 0.5000000
vt 0.4308333 0.6177778
v 0.4737500 -0.7687500 0.5375000
vt 0.4277708 0.6148611
v 0.4625000 -0.7687500 0.5262500
vt 0.4264583 0.6157361
f 291/291 292/292 293/293
v 0.5000000 -0.7687500 0.5000000
vt 0.4308333 0.6177778
v 0.4625000 -0.7687500 0.5262500
vt 0.4264583 0.6157361
v 0.4625000 -0.7687500 0.4737500
vt 0.4264583 0.6198194
f 294/294 295/295 296/296
v 0.4801250 -0.6187500 0.4562500
vt 0.4285146 0.6211806
v 0.4662500 -0.6187500 0.4693750
vt 0.4268958 0.6201597
v 0.5125000 -0.6187500 0.5000000
vt 0.4322917 0.6177778
f 297/297 298/298 299/299
v 0.5448750 -0.6187500 0.4562500
vt 0.4360687 0.6211806
v 0.4801250 -0.6187500 0.4562500
vt 0.4285146 0.6211806
v 0.5125000 -0.6187500 0.5000000
vt 0.4322917 0.6177778
f 300/300 301/301 302/302
v 0.5587500 -0.6187500 0.4693750
vt 0.4376875 0.6201597
v 0.5448750 -0.6187500 0.4562500
vt 0.4360687 0.6211806
v 0.5125000 -0.6187500 0.5000000
vt 0.4322917 0.6177778
f 303/303 304/304 305/305
v 0.5587500 -0.6187500 0.5306250
vt 0.4376875 0.6153958
v 0.5587500 -0.6187500 0.4693750
vt 0.4376875 0.6201597
v 0.5125000 -0.6187500 0.5000000
vt 0.4322917 0.6177778
f 306/306 307/307 308/308
v 0.5448750 -0.6187500 0.5437500
vt 0.4360687 0.6143750
v 0.5587500 -0.6187500 0.5306250
vt 0.4376875 0.6153958
v 0.5125000 -0.6187500 0.5000000
vt 0.4322917 0.6177778
f 309/309 310/310 311/311
v 0.4801250 -0.6187500 0.5437500
vt 0.4285146 0.6143750
v 0.5448750 -0.6187500 0.5437500
vt 0.4360687 0.6143750
v 0.5125000 -0.6187500 0.5000000
vt 0.4322917 0.6177778
f 312/312 313/313 314/314
v 0.4662500 -0.6187500 0.5306250
vt 0.4268958 0.6153958
v 0.4801250 -0.6187500 0.5437500
vt 0.4285146 0.6143750
v 0.5125000 -0.6187500 0.5000000
vt 0.4322917 0.6177778
f 315/315 316/316 317/317
v 0.4662500 -0.6187500 0.4693750
vt 0.4268958 0.6201597
v 0.4662500 -0.6187500 0.5306250
vt 0.4268958 0.6153958
v 0.5125000 -0.6187500 0.5000000
vt 0.4322917 0.6177778
f 318/318 319/319 320/320
o leather_grip
usemtl steel
v 0.4556250 -0.0937500 0.4671875
vt 0.9256563 0.6639583
v 0.4475000 0.2812500 0.4700625
vt 0.9247083 0.6347917
v 0.4625000 0.2812500 0.4556250
vt 0.9264583 0.6347917
v 0.4700625 -0.0937500 0.4531250
vt 0.9273406 0.6639583
f 321/321 322/322 323/323 324/324
v 0.4700625 -0.0937500 0.4531250
vt 0.9273406 0.6639583
v 0.4625000 0.2812500 0.4556250
vt 0.9264583 0.6347917
v 0.5325000 0.2812500 0.4556250
vt 0.9346250 0.6347917
v 0.5374375 -0.0937500 0.4531250
vt 0.9352010 0.6639583
f 325/325 326/326 327/327 328/328
v 0.5374375 -0.0937500 0.4531250
vt 0.9352010 0.6639583
v 0.5325000 0.2812500 0.4556250
vt 0.9346250 0.6347917
v 0.5475000 0.2812500 0.4700625
vt 0.9363750 0.6347917
v 0.5518750 -0.0937500 0.4671875
vt 0.9368854 0.6639583
f 329/329 330/330 331/331 332/332
v 0.5518750 -0.0937500 0.4671875
vt 0.9270052 0.6639583
v 0.5475000 0.2812500 0.4700625
vt 0.9273406 0.6347917
v 0.5475000 0.2812500 0.5374375
vt 0.9352010 0.6347917
v 0.5518750 -0.0937500 0.5328125
vt 0.9346615 0.6639583
f 333/333 334/334 335/335 336/336
v 0.5518750 -0.0937500 0.5328125
vt 0.9368854 0.6639583
v 0.5475000 0.2812500 0.5374375
vt 0.9363750 0.6347917
v 0.5325000 0.2812500 0.5518750
vt 0.9346250 0.6347917
v 0.5374375 -0.0937500 0.5468750
vt 0.9352010 0.6639583
f 337/337 338/338 339/339 340/340
v 0.5374375 -0.0937500 0.5468750
vt 0.9352010 0.6639583
v 0.5325000 0.2812500 0.5518750
vt 0.9346250 0.6347917
v 0.4625000 0.2812500 0.5518750
vt 0.9264583 0.6347917
v 0.4700625 -0.0937500 0.5468750
vt 0.9273406 0.6639583
f 341/341 342/342 343/343 344/344
v 0.4700625 -0.0937500 0.5468750
vt 0.9273406 0.6639583
v 0.4625000 0.2812500 0.5518750
vt 0.9264583 0.6347917
v 0.4475000 0.2812500 0.5374375
vt 0.9247083 0.6347917
v 0.4556250 -0.0937500 0.5328125
vt 0.9256563 0.6639583
f 345/345 346/346 347/347 348/348
v 0.4556250 -0.0937500 0.5328125
vt 0.9346615 0.6639583
v 0.4475000 0.2812500 0.5374375
vt 0.9352010 0.6347917
v 0.4475000 0.2812500 0.4700625
vt 0.9273406 0.6347917
v 0.4556250 -0.0937500 0.4671875
vt 0.9270052 0.6639583
f 349/349 350/350 351/351 352/352
v 0.5037500 -0.0937500 0.5000000
vt 0.9312708 0.6177778
v 0.4556250 -0.0937500 0.4671875
vt 0.9256563 0.6203299
v 0.4700625 -0.0937500 0.4531250
vt 0.9273406 0.6214236
f 353/353 354/354 355/355
v 0.5037500 -0.0937500 0.5000000
vt 0.9312708 0.6177778
v 0.4700625 -0.0937500 0.4531250
vt 0.9273406 0.6214236
v 0.5374375 -0.0937500 0.4531250
vt 0.9352010 0.6214236
f 356/356 357/357 358/358
v 0.5037500 -0.0937500 0.5000000
vt 0.9312708 0.6177778
v 0.5374375 -0.0937500 0.4531250
vt 0.9352010 0.6214236
v 0.5518750 -0.0937500 0.4671875
vt 0.9368854 0.6203299
f 359/359 360/360 361/361
v 0.5037500 -0.0937500 0.5000000
vt 0.9312708 0.6177778
v 0.5518750 -0.0937500 0.4671875
vt 0.9368854 0.6203299
v 0.5518750 -0.0937500 0.5328125
vt 0.9368854 0.6152257
f 362/362 363/363 364/364
v 0.5037500 -0.0937500 0.5000000
vt 0.9312708 0.6177778
v 0.5518750 -0.0937500 0.5328125
vt 0.9368854 0.6152257
v 0.5374375 -0.0937500 0.5468750
vt 0.9352010 0.6141319
f 365/365 366/366 367/367
v 0.5037500 -0.0937500 0.5000000
vt 0.9312708 0.6177778
v 0.5374375 -0.0937500 0.5468750
vt 0.9352010 0.6141319
v 0.4700625 -0.0937500 0.5468750
vt 0.9273406 0.6141319
f 368/368 369/369 370/370
v 0.5037500 -0.0937500 0.5000000
vt 0.9312708 0.6177778
v 0.4700625 -0.0937500 0.5468750
vt 0.9273406 0.6141319
v 0.4556250 -0.0937500 0.5328125
vt 0.9256563 0.6152257
f 371/371 372/372 373/373
v 0.5037500 -0.0937500 0.5000000
vt 0.9312708 0.6177778
v 0.4556250 -0.0937500 0.5328125
vt 0.9256563 0.6152257
v 0.4556250 -0.0937500 0.4671875
vt 0.9256563 0.6203299
f 374/374 375/375 376/376
v 0.4625000 0.2812500 0.4556250
vt 0.9264583 0.6212292
v 0.4475000 0.2812500 0.4700625
vt 0.9247083 0.6201063
v 0.4975000 0.2812500 0.5037500
vt 0.9305417 0.6174861
f 377/377 378/378 379/379
v 0.5325000 0.2812500 0.4556250
vt 0.9346250 0.6212292
v 0.4625000 0.2812500 0.4556250
vt 0.9264583 0.6212292
v 0.4975000 0.2812500 0.5037500
vt 0.9305417 0.6174861
f 380/380 381/381 382/382
v 0.5475000 0.2812500 0.4700625
vt 0.9363750 0.6201063
v 0.5325000 0.2812500 0.4556250
vt 0.9346250 0.6212292
v 0.4975000 0.2812500 0.5037500
vt 0.9305417 0.6174861
f 383/383 384/384 385/385
v 0.5475000 0.2812500 0.5374375
vt 0.9363750 0.6148660
v 0.5475000 0.2812500 0.4700625
vt 0.9363750 0.6201063
v 0.4975000 0.2812500 0.5037500
vt 0.9305417 0.6174861
f 386/386 387/387 388/388
v 0.5325000 0.2812500 0.5518750
vt 0.9346250 0.6137431
v 0.5475000 0.2812500 0.5374375
vt 0.9363750 0.6148660
v 0.4975000 0.2812500 0.5037500
vt 0.9305417 0.6174861
f 389/389 390/390 391/391
v 0.4625000 0.2812500 0.5518750
vt 0.9264583 0.6137431
v 0.5325000 0.2812500 0.5518750
vt 0.9346250 0.6137431
v 0.4975000 0.2812500 0.5037500
vt 0.9305417 0.6174861
f 392/392 393/393 394/394
v 0.4475000 0.2812500 0.5374375
vt 0.9247083 0.6148660
v 0.4625000 0.2812500 0.5518750
vt 0.9264583 0.6137431
v 0.4975000 0.2812500 0.5037500
vt 0.9305417 0.6174861
f 395/395 396/396 397/397
v 0.4475000 0.2812500 0.4700625
vt 0.9247083 0.6201063
v 0.4475000 0.2812500 0.5374375
vt 0.9247083 0.6148660
v 0.4975000 0.2812500 0.5037500
vt 0.9305417 0.6174861
f 398/398 399/399 400/400
o grip_binding_-1.5
usemtl steel
v 0.4468750 -0.0937500 0.4650000
vt 0.9246354 0.9139583
v 0.4468750 -0.0750000 0.4650000
vt 0.9246354 0.9125000
v 0.4628125 -0.0750000 0.4500000
vt 0.9264948 0.9125000
v 0.4628125 -0.0937500 0.4500000
vt 0.9264948 0.9139583
f 401/401 402/402 403/403 404/404
v 0.4628125 -0.0937500 0.4500000
vt 0.9264948 0.9139583
v 0.4628125 -0.0750000 0.4500000
vt 0.9264948 0.9125000
v 0.5371875 -0.0750000 0.4500000
vt 0.9351719 0.9125000
v 0.5371875 -0.0937500 0.4500000
vt 0.9351719 0.9139583
f 405/405 406/406 407/407 408/408
v 0.5371875 -0.0937500 0.4500000
vt 0.9351719 0.9139583
v 0.5371875 -0.0750000 0.4500000
vt 0.9351719 0.9125000
v 0.5531250 -0.0750000 0.4650000
vt 0.9370313 0.9125000
v 0.5531250 -0.0937500 0.4650000
vt 0.9370313 0.9139583
f 409/409 410/410 411/411 412/412
v 0.5531250 -0.0937500 0.4650000
vt 0.9267500 0.9139583
v 0.5531250 -0.0750000 0.4650000
vt 0.9267500 0.9125000
v 0.5531250 -0.0750000 0.5350000
vt 0.9349167 0.9125000
v 0.5531250 -0.0937500 0.5350000
vt 0.9349167 0.9139583
f 413/413 414/414 415/415 416/416
v 0.5531250 -0.0937500 0.5350000
vt 0.9370313 0.9139583
v 0.5531250 -0.0750000 0.5350000
vt 0.9370313 0.9125000
v 0.5371875 -0.0750000 0.5500000
vt 0.9351719 0.9125000
v 0.5371875 -0.0937500 0.5500000
vt 0.9351719 0.9139583
f 417/417 418/418 419/419 420/420
v 0.5371875 -0.0937500 0.5500000
vt 0.9351719 0.9139583
v 0.5371875 -0.0750000 0.5500000
vt 0.9351719 0.9125000
v 0.4628125 -0.0750000 0.5500000
vt 0.9264948 0.9125000
v 0.4628125 -0.0937500 0.5500000
vt 0.9264948 0.9139583
f 421/421 422/422 423/423 424/424
v 0.4628125 -0.0937500 0.5500000
vt 0.9264948 0.9139583
v 0.4628125 -0.0750000 0.5500000
vt 0.9264948 0.9125000
v 0.4468750 -0.0750000 0.5350000
vt 0.9246354 0.9125000
v 0.4468750 -0.0937500 0.5350000
vt 0.9246354 0.9139583
f 425/425 426/426 427/427 428/428
v 0.4468750 -0.0937500 0.5350000
vt 0.9349167 0.9139583
v 0.4468750 -0.0750000 0.5350000
vt 0.9349167 0.9125000
v 0.4468750 -0.0750000 0.4650000
vt 0.9267500 0.9125000
v 0.4468750 -0.0937500 0.4650000
vt 0.9267500 0.9139583
f 429/429 430/430 431/431 432/432
v 0.5000000 -0.0937500 0.5000000
vt 0.9308333 0.8677778
v 0.4468750 -0.0937500 0.4650000
vt 0.9246354 0.8705000
v 0.4628125 -0.0937500 0.4500000
vt 0.9264948 0.8716667
f 433/433 434/434 435/435
v 0.5000000 -0.0937500 0.5000000
vt 0.9308333 0.8677778
v 0.4628125 -0.0937500 0.4500000
vt 0.9264948 0.8716667
v 0.5371875 -0.0937500 0.4500000
vt 0.9351719 0.8716667
f 436/436 437/437 438/438
v 0.5000000 -0.0937500 0.5000000
vt 0.9308333 0.8677778
v 0.5371875 -0.0937500 0.4500000
vt 0.9351719 0.8716667
v 0.5531250 -0.0937500 0.4650000
vt 0.9370313 0.8705000
f 439/439 440/440 441/441
v 0.5000000 -0.0937500 0.5000000
vt 0.9308333 0.8677778
v 0.5531250 -0.0937500 0.4650000
vt 0.9370313 0.8705000
v 0.5531250 -0.0937500 0.5350000
vt 0.9370313 0.8650556
f 442/442 443/443 444/444
v 0.5000000 -0.0937500 0.5000000
vt 0.9308333 0.8677778
v 0.5531250 -0.0937500 0.5350000
vt 0.9370313 0.8650556
v 0.5371875 -0.0937500 0.5500000
vt 0.9351719 0.8638889
f 445/445 446/446 447/447
v 0.5000000 -0.0937500 0.5000000
vt 0.9308333 0.8677778
v 0.5371875 -0.0937500 0.5500000
vt 0.9351719 0.8638889
v 0.4628125 -0.0937500 0.5500000
vt 0.9264948 0.8638889
f 448/448 449/449 450/450
v 0.5000000 -0.0937500 0.5000000
vt 0.9308333 0.8677778
v 0.4628125 -0.0937500 0.5500000
vt 0.9264948 0.8638889
v 0.4468750 -0.0937500 0.5350000
vt 0.9246354 0.8650556
f 451/451 452/452 453/453
v 0.5000000 -0.0937500 0.5000000
vt 0.9308333 0.8677778
v 0.4468750 -0.0937500 0.5350000
vt 0.9246354 0.8650556
v 0.4468750 -0.0937500 0.4650000
vt 0.9246354 0.8705000
f 454/454 455/455 456/456
v 0.4628125 -0.0750000 0.4500000
vt 0.9264948 0.8716667
v 0.4468750 -0.0750000 0.4650000
vt 0.9246354 0.8705000
v 0.5000000 -0.0750000 0.5000000
vt 0.9308333 0.8677778
f 457/457 458/458 459/459
v 0.5371875 -0.0750000 0.4500000
vt 0.9351719 0.8716667
v 0.4628125 -0.0750000 0.4500000
vt 0.9264948 0.8716667
v 0.5000000 -0.0750000 0.5000000
vt 0.9308333 0.8677778
f 460/460 461/461 462/462
v 0.5531250 -0.0750000 0.4650000
vt 0.9370313 0.8705000
v 0.5371875 -0.0750000 0.4500000
vt 0.9351719 0.8716667
v 0.5000000 -0.0750000 0.5000000
vt 0.9308333 0.8677778
f 463/463 464/464 465/465
v 0.5531250 -0.0750000 0.5350000
vt 0.9370313 0.8650556
v 0.5531250 -0.0750000 0.4650000
vt 0.9370313 0.8705000
v 0.5000000 -0.0750000 0.5000000
vt 0.9308333 0.8677778
f 466/466 467/467 468/468
v 0.5371875 -0.0750000 0.5500000
vt 0.9351719 0.8638889
v 0.5531250 -0.0750000 0.5350000
vt 0.9370313 0.8650556
v 0.5000000 -0.0750000 0.5000000
vt 0.9308333 0.8677778
f 469/469 470/470 471/471
v 0.4628125 -0.0750000 0.5500000
vt 0.9264948 0.8638889
v 0.5371875 -0.0750000 0.5500000
vt 0.9351719 0.8638889
v 0.5000000 -0.0750000 0.5000000
vt 0.9308333 0.8677778
f 472/472 473/473 474/474
v 0.4468750 -0.0750000 0.5350000
vt 0.9246354 0.8650556
v 0.4628125 -0.0750000 0.5500000
vt 0.9264948 0.8638889
v 0.5000000 -0.0750000 0.5000000
vt 0.9308333 0.8677778
f 475/475 476/476 477/477
v 0.4468750 -0.0750000 0.4650000
vt 0.9246354 0.8705000
v 0.4468750 -0.0750000 0.5350000
vt 0.9246354 0.8650556
v 0.5000000 -0.0750000 0.5000000
vt 0.9308333 0.8677778
f 478/478 479/479 480/480
o grip_binding_4.5
usemtl steel
v 0.4468750 0.2812500 0.4650000
vt 0.9246354 0.8847917
v 0.4468750 0.3000000 0.4650000
vt 0.9246354 0.8833333
v 0.4628125 0.3000000 0.4500000
vt 0.9264948 0.8833333
v 0.4628125 0.2812500 0.4500000
vt 0.9264948 0.8847917
f 481/481 482/482 483/483 484/484
v 0.4628125 0.2812500 0.4500000
vt 0.9264948 0.8847917
v 0.4628125 0.3000000 0.4500000
vt 0.9264948 0.8833333
v 0.5371875 0.3000000 0.4500000
vt 0.9351719 0.8833333
v 0.5371875 0.2812500 0.4500000
vt 0.9351719 0.8847917
f 485/485 486/486 487/487 488/488
v 0.5371875 0.2812500 0.4500000
vt 0.9351719 0.8847917
v 0.5371875 0.3000000 0.4500000
vt 0.9351719 0.8833333
v 0.5531250 0.3000000 0.4650000
vt 0.9370313 0.8833333
v 0.5531250 0.2812500 0.4650000
vt 0.9370313 0.8847917
f 489/489 490/490 491/491 492/492
v 0.5531250 0.2812500 0.4650000
vt 0.9267500 0.8847917
v 0.5531250 0.3000000 0.4650000
vt 0.9267500 0.8833333
v 0.5531250 0.3000000 0.5350000
vt 0.9349167 0.8833333
v 0.5531250 0.2812500 0.5350000
vt 0.9349167 0.8847917
f 493/493 494/494 495/495 496/496
v 0.5531250 0.2812500 0.5350000
vt 0.9370313 0.8847917
v 0.5531250 0.3000000 0.5350000
vt 0.9370313 0.8833333
v 0.5371875 0.3000000 0.5500000
vt 0.9351719 0.8833333
v 0.5371875 0.2812500 0.5500000
vt 0.9351719 0.8847917
f 497/497 498/498 499/499 500/500
v 0.5371875 0.2812500 0.5500000
vt 0.9351719 0.8847917
v 0.5371875 0.3000000 0.5500000
vt 0.9351719 0.8833333
v 0.4628125 0.3000000 0.5500000
vt 0.9264948 0.8833333
v 0.4628125 0.2812500 0.5500000
vt 0.9264948 0.8847917
f 501/501 502/502 503/503 504/504
v 0.4628125 0.2812500 0.5500000
vt 0.9264948 0.8847917
v 0.4628125 0.3000000 0.5500000
vt 0.9264948 0.8833333
v 0.4468750 0.3000000 0.5350000
vt 0.9246354 0.8833333
v 0.4468750 0.2812500 0.5350000
vt 0.9246354 0.8847917
f 505/505 506/506 507/507 508/508
v 0.4468750 0.2812500 0.5350000
vt 0.9349167 0.8847917
v 0.4468750 0.3000000 0.5350000
vt 0.9349167 0.8833333
v 0.4468750 0.3000000 0.4650000
vt 0.9267500 0.8833333
v 0.4468750 0.2812500 0.4650000
vt 0.9267500 0.8847917
f 509/509 510/510 511/511 512/512
v 0.5000000 0.2812500 0.5000000
vt 0.9308333 0.8677778
v 0.4468750 0.2812500 0.4650000
vt 0.9246354 0.8705000
v 0.4628125 0.2812500 0.4500000
vt 0.9264948 0.8716667
f 513/513 514/514 515/515
v 0.5000000 0.2812500 0.5000000
vt 0.9308333 0.8677778
v 0.4628125 0.2812500 0.4500000
vt 0.9264948 0.8716667
v 0.5371875 0.2812500 0.4500000
vt 0.9351719 0.8716667
f 516/516 517/517 518/518
v 0.5000000 0.2812500 0.5000000
vt 0.9308333 0.8677778
v 0.5371875 0.2812500 0.4500000
vt 0.9351719 0.8716667
v 0.5531250 0.2812500 0.4650000
vt 0.9370313 0.8705000
f 519/519 520/520 521/521
v 0.5000000 0.2812500 0.5000000
vt 0.9308333 0.8677778
v 0.5531250 0.2812500 0.4650000
vt 0.9370313 0.8705000
v 0.5531250 0.2812500 0.5350000
vt 0.9370313 0.8650556
f 522/522 523/523 524/524
v 0.5000000 0.2812500 0.5000000
vt 0.9308333 0.8677778
v 0.5531250 0.2812500 0.5350000
vt 0.9370313 0.8650556
v 0.5371875 0.2812500 0.5500000
vt 0.9351719 0.8638889
f 525/525 526/526 527/527
v 0.5000000 0.2812500 0.5000000
vt 0.9308333 0.8677778
v 0.5371875 0.2812500 0.5500000
vt 0.9351719 0.8638889
v 0.4628125 0.2812500 0.5500000
vt 0.9264948 0.8638889
f 528/528 529/529 530/530
v 0.5000000 0.2812500 0.5000000
vt 0.9308333 0.8677778
v 0.4628125 0.2812500 0.5500000
vt 0.9264948 0.8638889
v 0.4468750 0.2812500 0.5350000
vt 0.9246354 0.8650556
f 531/531 532/532 533/533
v 0.5000000 0.2812500 0.5000000
vt 0.9308333 0.8677778
v 0.4468750 0.2812500 0.5350000
vt 0.9246354 0.8650556
v 0.4468750 0.2812500 0.4650000
vt 0.9246354 0.8705000
f 534/534 535/535 536/536
v 0.4628125 0.3000000 0.4500000
vt 0.9264948 0.8716667
v 0.4468750 0.3000000 0.4650000
vt 0.9246354 0.8705000
v 0.5000000 0.3000000 0.5000000
vt 0.9308333 0.8677778
f 537/537 538/538 539/539
v 0.5371875 0.3000000 0.4500000
vt 0.9351719 0.8716667
v 0.4628125 0.3000000 0.4500000
vt 0.9264948 0.8716667
v 0.5000000 0.3000000 0.5000000
vt 0.9308333 0.8677778
f 540/540 541/541 542/542
v 0.5531250 0.3000000 0.4650000
vt 0.9370313 0.8705000
v 0.5371875 0.3000000 0.4500000
vt 0.9351719 0.8716667
v 0.5000000 0.3000000 0.5000000
vt 0.9308333 0.8677778
f 543/543 544/544 545/545
v 0.5531250 0.3000000 0.5350000
vt 0.9370313 0.8650556
v 0.5531250 0.3000000 0.4650000
vt 0.9370313 0.8705000
v 0.5000000 0.3000000 0.5000000
vt 0.9308333 0.8677778
f 546/546 547/547 548/548
v 0.5371875 0.3000000 0.5500000
vt 0.9351719 0.8638889
v 0.5531250 0.3000000 0.5350000
vt 0.9370313 0.8650556
v 0.5000000 0.3000000 0.5000000
vt 0.9308333 0.8677778
f 549/549 550/550 551/551
v 0.4628125 0.3000000 0.5500000
vt 0.9264948 0.8638889
v 0.5371875 0.3000000 0.5500000
vt 0.9351719 0.8638889
v 0.5000000 0.3000000 0.5000000
vt 0.9308333 0.8677778
f 552/552 553/553 554/554
v 0.4468750 0.3000000 0.5350000
vt 0.9246354 0.8650556
v 0.4628125 0.3000000 0.5500000
vt 0.9264948 0.8638889
v 0.5000000 0.3000000 0.5000000
vt 0.9308333 0.8677778
f 555/555 556/556 557/557
v 0.4468750 0.3000000 0.4650000
vt 0.9246354 0.8705000
v 0.4468750 0.3000000 0.5350000
vt 0.9246354 0.8650556
v 0.5000000 0.3000000 0.5000000
vt 0.9308333 0.8677778
f 558/558 559/559 560/560
o neck_ferrule
usemtl steel
v 0.4375000 1.0156250 0.4606250
vt 0.1735417 0.5776736
v 0.4281250 1.0343750 0.4540625
vt 0.1724479 0.5762153
v 0.4496875 1.0343750 0.4343750
vt 0.1749635 0.5762153
v 0.4562500 1.0156250 0.4437500
vt 0.1757292 0.5776736
f 561/561 562/562 563/563 564/564
v 0.4562500 1.0156250 0.4437500
vt 0.1757292 0.5776736
v 0.4496875 1.0343750 0.4343750
vt 0.1749635 0.5762153
v 0.5503125 1.0343750 0.4343750
vt 0.1867031 0.5762153
v 0.5437500 1.0156250 0.4437500
vt 0.1859375 0.5776736
f 565/565 566/566 567/567 568/568
v 0.5437500 1.0156250 0.4437500
vt 0.1859375 0.5776736
v 0.5503125 1.0343750 0.4343750
vt 0.1867031 0.5762153
v 0.5718750 1.0343750 0.4540625
vt 0.1892187 0.5762153
v 0.5625000 1.0156250 0.4606250
vt 0.1881250 0.5776736
f 569/569 570/570 571/571 572/572
v 0.5625000 1.0156250 0.4606250
vt 0.1762396 0.5776736
v 0.5718750 1.0343750 0.4540625
vt 0.1754740 0.5762153
v 0.5718750 1.0343750 0.5459375
vt 0.1861927 0.5762153
v 0.5625000 1.0156250 0.5393750
vt 0.1854271 0.5776736
f 573/573 574/574 575/575 576/576
v 0.5625000 1.0156250 0.5393750
vt 0.1881250 0.5776736
v 0.5718750 1.0343750 0.5459375
vt 0.1892187 0.5762153
v 0.5503125 1.0343750 0.5656250
vt 0.1867031 0.5762153
v 0.5437500 1.0156250 0.5562500
vt 0.1859375 0.5776736
f 577/577 578/578 579/579 580/580
v 0.5437500 1.0156250 0.5562500
vt 0.1859375 0.5776736
v 0.5503125 1.0343750 0.5656250
vt 0.1867031 0.5762153
v 0.4496875 1.0343750 0.5656250
vt 0.1749635 0.5762153
v 0.4562500 1.0156250 0.5562500
vt 0.1757292 0.5776736
f 581/581 582/582 583/583 584/584
v 0.4562500 1.0156250 0.5562500
vt 0.1757292 0.5776736
v 0.4496875 1.0343750 0.5656250
vt 0.1749635 0.5762153
v 0.4281250 1.0343750 0.5459375
vt 0.1724479 0.5762153
v 0.4375000 1.0156250 0.5393750
vt 0.1735417 0.5776736
f 585/585 586/586 587/587 588/588
v 0.4375000 1.0156250 0.5393750
vt 0.1854271 0.5776736
v 0.4281250 1.0343750 0.5459375
vt 0.1861927 0.5762153
v 0.4281250 1.0343750 0.4540625
vt 0.1754740 0.5762153
v 0.4375000 1.0156250 0.4606250
vt 0.1762396 0.5776736
f 589/589 590/590 591/591 592/592
v 0.4281250 1.0343750 0.4540625
vt 0.1724479 0.5762153
v 0.4262500 1.1625000 0.4518750
vt 0.1722292 0.5662500
v 0.4483750 1.1625000 0.4312500
vt 0.1748104 0.5662500
v 0.4496875 1.0343750 0.4343750
vt 0.1749635 0.5762153
f 593/593 594/594 595/595 596/596
v 0.4496875 1.0343750 0.4343750
vt 0.1749635 0.5762153
v 0.4483750 1.1625000 0.4312500
vt 0.1748104 0.5662500
v 0.5516250 1.1625000 0.4312500
vt 0.1868563 0.5662500
v 0.5503125 1.0343750 0.4343750
vt 0.1867031 0.5762153
f 597/597 598/598 599/599 600/600
v 0.5503125 1.0343750 0.4343750
vt 0.1867031 0.5762153
v 0.5516250 1.1625000 0.4312500
vt 0.1868563 0.5662500
v 0.5737500 1.1625000 0.4518750
vt 0.1894375 0.5662500
v 0.5718750 1.0343750 0.4540625
vt 0.1892187 0.5762153
f 601/601 602/602 603/603 604/604
v 0.5718750 1.0343750 0.4540625
vt 0.1754740 0.5762153
v 0.5737500 1.1625000 0.4518750
vt 0.1752187 0.5662500
v 0.5737500 1.1625000 0.5481250
vt 0.1864479 0.5662500
v 0.5718750 1.0343750 0.5459375
vt 0.1861927 0.5762153
f 605/605 606/606 607/607 608/608
v 0.5718750 1.0343750 0.5459375
vt 0.1892187 0.5762153
v 0.5737500 1.1625000 0.5481250
vt 0.1894375 0.5662500
v 0.5516250 1.1625000 0.5687500
vt 0.1868563 0.5662500
v 0.5503125 1.0343750 0.5656250
vt 0.1867031 0.5762153
f 609/609 610/610 611/611 612/612
v 0.5503125 1.0343750 0.5656250
vt 0.1867031 0.5762153
v 0.5516250 1.1625000 0.5687500
vt 0.1868563 0.5662500
v 0.4483750 1.1625000 0.5687500
vt 0.1748104 0.5662500
v 0.4496875 1.0343750 0.5656250
vt 0.1749635 0.5762153
f 613/613 614/614 615/615 616/616
v 0.4496875 1.0343750 0.5656250
vt 0.1749635 0.5762153
v 0.4483750 1.1625000 0.5687500
vt 0.1748104 0.5662500
v 0.4262500 1.1625000 0.5481250
vt 0.1722292 0.5662500
v 0.4281250 1.0343750 0.5459375
vt 0.1724479 0.5762153
f 617/617 618/618 619/619 620/620
v 0.4281250 1.0343750 0.5459375
vt 0.1861927 0.5762153
v 0.4262500 1.1625000 0.5481250
vt 0.1864479 0.5662500
v 0.4262500 1.1625000 0.4518750
vt 0.1752187 0.5662500
v 0.4281250 1.0343750 0.4540625
vt 0.1754740 0.5762153
f 621/621 622/622 623/623 624/624
v 0.4262500 1.1625000 0.4518750
vt 0.1722292 0.6215208
v 0.4375000 1.1781250 0.4584375
vt 0.1735417 0.6210104
v 0.4562500 1.1781250 0.4406250
vt 0.1757292 0.6223958
v 0.4483750 1.1625000 0.4312500
vt 0.1748104 0.6231250
f 625/625 626/626 627/627 628/628
v 0.4483750 1.1625000 0.4312500
vt 0.1748104 0.5662500
v 0.4562500 1.1781250 0.4406250
vt 0.1757292 0.5650347
v 0.5437500 1.1781250 0.4406250
vt 0.1859375 0.5650347
v 0.5516250 1.1625000 0.4312500
vt 0.1868563 0.5662500
f 629/629 630/630 631/631 632/632
v 0.5516250 1.1625000 0.4312500
vt 0.1868563 0.6231250
v 0.5437500 1.1781250 0.4406250
vt 0.1859375 0.6223958
v 0.5625000 1.1781250 0.4584375
vt 0.1881250 0.6210104
v 0.5737500 1.1625000 0.4518750
vt 0.1894375 0.6215208
f 633/633 634/634 635/635 636/636
v 0.5737500 1.1625000 0.4518750
vt 0.1752187 0.5662500
v 0.5625000 1.1781250 0.4584375
vt 0.1759844 0.5650347
v 0.5625000 1.1781250 0.5415625
vt 0.1856823 0.5650347
v 0.5737500 1.1625000 0.5481250
vt 0.1864479 0.5662500
f 637/637 638/638 639/639 640/640
v 0.5737500 1.1625000 0.5481250
vt 0.1894375 0.6140347
v 0.5625000 1.1781250 0.5415625
vt 0.1881250 0.6145451
v 0.5437500 1.1781250 0.5593750
vt 0.1859375 0.6131597
v 0.5516250 1.1625000 0.5687500
vt 0.1868563 0.6124306
f 641/641 642/642 643/643 644/644
v 0.5516250 1.1625000 0.5687500
vt 0.1868563 0.5662500
v 0.5437500 1.1781250 0.5593750
vt 0.1859375 0.5650347
v 0.4562500 1.1781250 0.5593750
vt 0.1757292 0.5650347
v 0.4483750 1.1625000 0.5687500
vt 0.1748104 0.5662500
f 645/645 646/646 647/647 648/648
v 0.4483750 1.1625000 0.5687500
vt 0.1748104 0.6124306
v 0.4562500 1.1781250 0.5593750
vt 0.1757292 0.6131597
v 0.4375000 1.1781250 0.5415625
vt 0.1735417 0.6145451
v 0.4262500 1.1625000 0.5481250
vt 0.1722292 0.6140347
f 649/649 650/650 651/651 652/652
v 0.4262500 1.1625000 0.5481250
vt 0.1864479 0.5662500
v 0.4375000 1.1781250 0.5415625
vt 0.1856823 0.5650347
v 0.4375000 1.1781250 0.4584375
vt 0.1759844 0.5650347
v 0.4262500 1.1625000 0.4518750
vt 0.1752187 0.5662500
f 653/653 654/654 655/655 656/656
v 0.5000000 1.0156250 0.5000000
vt 0.1808333 0.6177778
v 0.4375000 1.0156250 0.4606250
vt 0.1735417 0.6208403
v 0.4562500 1.0156250 0.4437500
vt 0.1757292 0.6221528
f 657/657 658/658 659/659
v 0.5000000 1.0156250 0.5000000
vt 0.1808333 0.6177778
v 0.4562500 1.0156250 0.4437500
vt 0.1757292 0.6221528
v 0.5437500 1.0156250 0.4437500
vt 0.1859375 0.6221528
f 660/660 661/661 662/662
v 0.5000000 1.0156250 0.5000000
vt 0.1808333 0.6177778
v 0.5437500 1.0156250 0.4437500
vt 0.1859375 0.6221528
v 0.5625000 1.0156250 0.4606250
vt 0.1881250 0.6208403
f 663/663 664/664 665/665
v 0.5000000 1.0156250 0.5000000
vt 0.1808333 0.6177778
v 0.5625000 1.0156250 0.4606250
vt 0.1881250 0.6208403
v 0.5625000 1.0156250 0.5393750
vt 0.1881250 0.6147153
f 666/666 667/667 668/668
v 0.5000000 1.0156250 0.5000000
vt 0.1808333 0.6177778
v 0.5625000 1.0156250 0.5393750
vt 0.1881250 0.6147153
v 0.5437500 1.0156250 0.5562500
vt 0.1859375 0.6134028
f 669/669 670/670 671/671
v 0.5000000 1.0156250 0.5000000
vt 0.1808333 0.6177778
v 0.5437500 1.0156250 0.5562500
vt 0.1859375 0.6134028
v 0.4562500 1.0156250 0.5562500
vt 0.1757292 0.6134028
f 672/672 673/673 674/674
v 0.5000000 1.0156250 0.5000000
vt 0.1808333 0.6177778
v 0.4562500 1.0156250 0.5562500
vt 0.1757292 0.6134028
v 0.4375000 1.0156250 0.5393750
vt 0.1735417 0.6147153
f 675/675 676/676 677/677
v 0.5000000 1.0156250 0.5000000
vt 0.1808333 0.6177778
v 0.4375000 1.0156250 0.5393750
vt 0.1735417 0.6147153
v 0.4375000 1.0156250 0.4606250
vt 0.1735417 0.6208403
f 678/678 679/679 680/680
v 0.4562500 1.1781250 0.4406250
vt 0.1757292 0.6223958
v 0.4375000 1.1781250 0.4584375
vt 0.1735417 0.6210104
v 0.5000000 1.1781250 0.5000000
vt 0.1808333 0.6177778
f 681/681 682/682 683/683
v 0.5437500 1.1781250 0.4406250
vt 0.1859375 0.6223958
v 0.4562500 1.1781250 0.4406250
vt 0.1757292 0.6223958
v 0.5000000 1.1781250 0.5000000
vt 0.1808333 0.6177778
f 684/684 685/685 686/686
v 0.5625000 1.1781250 0.4584375
vt 0.1881250 0.6210104
v 0.5437500 1.1781250 0.4406250
vt 0.1859375 0.6223958
v 0.5000000 1.1781250 0.5000000
vt 0.1808333 0.6177778
f 687/687 688/688 689/689
v 0.5625000 1.1781250 0.5415625
vt 0.1881250 0.6145451
v 0.5625000 1.1781250 0.4584375
vt 0.1881250 0.6210104
v 0.5000000 1.1781250 0.5000000
vt 0.1808333 0.6177778
f 690/690 691/691 692/692
v 0.5437500 1.1781250 0.5593750
vt 0.1859375 0.6131597
v 0.5625000 1.1781250 0.5415625
vt 0.1881250 0.6145451
v 0.5000000 1.1781250 0.5000000
vt 0.1808333 0.6177778
f 693/693 694/694 695/695
v 0.4562500 1.1781250 0.5593750
vt 0.1757292 0.6131597
v 0.5437500 1.1781250 0.5593750
vt 0.1859375 0.6131597
v 0.5000000 1.1781250 0.5000000
vt 0.1808333 0.6177778
f 696/696 697/697 698/698
v 0.4375000 1.1781250 0.5415625
vt 0.1735417 0.6145451
v 0.4562500 1.1781250 0.5593750
vt 0.1757292 0.6131597
v 0.5000000 1.1781250 0.5000000
vt 0.1808333 0.6177778
f 699/699 700/700 701/701
v 0.4375000 1.1781250 0.4584375
vt 0.1735417 0.6210104
v 0.4375000 1.1781250 0.5415625
vt 0.1735417 0.6145451
v 0.5000000 1.1781250 0.5000000
vt 0.1808333 0.6177778
f 702/702 703/703 704/704
o forged_square_cauldron
usemtl steel
v 0.4375000 1.1531250 0.4584375
vt 0.1735417 0.6210104
v 0.3562500 1.1812500 0.4081250
vt 0.1640625 0.6249236
v 0.3993750 1.1812500 0.3687500
vt 0.1690937 0.6279861
v 0.4562500 1.1531250 0.4406250
vt 0.1757292 0.6223958
f 705/705 706/706 707/707 708/708
v 0.4562500 1.1531250 0.4406250
vt 0.1757292 0.6223958
v 0.3993750 1.1812500 0.3687500
vt 0.1690937 0.6279861
v 0.6006250 1.1812500 0.3687500
vt 0.1925729 0.6279861
v 0.5437500 1.1531250 0.4406250
vt 0.1859375 0.6223958
f 709/709 710/710 711/711 712/712
v 0.5437500 1.1531250 0.4406250
vt 0.1859375 0.6223958
v 0.6006250 1.1812500 0.3687500
vt 0.1925729 0.6279861
v 0.6437500 1.1812500 0.4081250
vt 0.1976042 0.6249236
v 0.5625000 1.1531250 0.4584375
vt 0.1881250 0.6210104
f 713/713 714/714 715/715 716/716
v 0.5625000 1.1531250 0.4584375
vt 0.1881250 0.6210104
v 0.6437500 1.1812500 0.4081250
vt 0.1976042 0.6249236
v 0.6437500 1.1812500 0.5918750
vt 0.1976042 0.6106319
v 0.5625000 1.1531250 0.5415625
vt 0.1881250 0.6145451
f 717/717 718/718 719/719 720/720
v 0.5625000 1.1531250 0.5415625
vt 0.1881250 0.6145451
v 0.6437500 1.1812500 0.5918750
vt 0.1976042 0.6106319
v 0.6006250 1.1812500 0.6312500
vt 0.1925729 0.6075694
v 0.5437500 1.1531250 0.5593750
vt 0.1859375 0.6131597
f 721/721 722/722 723/723 724/724
v 0.5437500 1.1531250 0.5593750
vt 0.1859375 0.6131597
v 0.6006250 1.1812500 0.6312500
vt 0.1925729 0.6075694
v 0.3993750 1.1812500 0.6312500
vt 0.1690937 0.6075694
v 0.4562500 1.1531250 0.5593750
vt 0.1757292 0.6131597
f 725/725 726/726 727/727 728/728
v 0.4562500 1.1531250 0.5593750
vt 0.1757292 0.6131597
v 0.3993750 1.1812500 0.6312500
vt 0.1690937 0.6075694
v 0.3562500 1.1812500 0.5918750
vt 0.1640625 0.6106319
v 0.4375000 1.1531250 0.5415625
vt 0.1735417 0.6145451
f 729/729 730/730 731/731 732/732
v 0.4375000 1.1531250 0.5415625
vt 0.1735417 0.6145451
v 0.3562500 1.1812500 0.5918750
vt 0.1640625 0.6106319
v 0.3562500 1.1812500 0.4081250
vt 0.1640625 0.6249236
v 0.4375000 1.1531250 0.4584375
vt 0.1735417 0.6210104
f 733/733 734/734 735/735 736/736
v 0.3562500 1.1812500 0.4081250
vt 0.1640625 0.6249236
v 0.2656250 1.2531250 0.3512500
vt 0.1534896 0.6293472
v 0.3359375 1.2531250 0.2875000
vt 0.1616927 0.6343056
v 0.3993750 1.1812500 0.3687500
vt 0.1690937 0.6279861
f 737/737 738/738 739/739 740/740
v 0.3993750 1.1812500 0.3687500
vt 0.1690937 0.6279861
v 0.3359375 1.2531250 0.2875000
vt 0.1616927 0.6343056
v 0.6640625 1.2531250 0.2875000
vt 0.1999740 0.6343056
v 0.6006250 1.1812500 0.3687500
vt 0.1925729 0.6279861
f 741/741 742/742 743/743 744/744
v 0.6006250 1.1812500 0.3687500
vt 0.1925729 0.6279861
v 0.6640625 1.2531250 0.2875000
vt 0.1999740 0.6343056
v 0.7343750 1.2531250 0.3512500
vt 0.2081771 0.6293472
v 0.6437500 1.1812500 0.4081250
vt 0.1976042 0.6249236
f 745/745 746/746 747/747 748/748
v 0.6437500 1.1812500 0.4081250
vt 0.1976042 0.6249236
v 0.7343750 1.2531250 0.3512500
vt 0.2081771 0.6293472
v 0.7343750 1.2531250 0.6487500
vt 0.2081771 0.6062083
v 0.6437500 1.1812500 0.5918750
vt 0.1976042 0.6106319
f 749/749 750/750 751/751 752/752
v 0.6437500 1.1812500 0.5918750
vt 0.1976042 0.6106319
v 0.7343750 1.2531250 0.6487500
vt 0.2081771 0.6062083
v 0.6640625 1.2531250 0.7125000
vt 0.1999740 0.6012500
v 0.6006250 1.1812500 0.6312500
vt 0.1925729 0.6075694
f 753/753 754/754 755/755 756/756
v 0.6006250 1.1812500 0.6312500
vt 0.1925729 0.6075694
v 0.6640625 1.2531250 0.7125000
vt 0.1999740 0.6012500
v 0.3359375 1.2531250 0.7125000
vt 0.1616927 0.6012500
v 0.3993750 1.1812500 0.6312500
vt 0.1690937 0.6075694
f 757/757 758/758 759/759 760/760
v 0.3993750 1.1812500 0.6312500
vt 0.1690937 0.6075694
v 0.3359375 1.2531250 0.7125000
vt 0.1616927 0.6012500
v 0.2656250 1.2531250 0.6487500
vt 0.1534896 0.6062083
v 0.3562500 1.1812500 0.5918750
vt 0.1640625 0.6106319
f 761/761 762/762 763/763 764/764
v 0.3562500 1.1812500 0.5918750
vt 0.1640625 0.6106319
v 0.2656250 1.2531250 0.6487500
vt 0.1534896 0.6062083
v 0.2656250 1.2531250 0.3512500
vt 0.1534896 0.6293472
v 0.3562500 1.1812500 0.4081250
vt 0.1640625 0.6249236
f 765/765 766/766 767/767 768/768
v 0.2656250 1.2531250 0.3512500
vt 0.1534896 0.5592014
v 0.2656250 1.5562500 0.3512500
vt 0.1534896 0.5356250
v 0.3359375 1.5562500 0.2875000
vt 0.1616927 0.5356250
v 0.3359375 1.2531250 0.2875000
vt 0.1616927 0.5592014
f 769/769 770/770 771/771 772/772
v 0.3359375 1.2531250 0.2875000
vt 0.1616927 0.5592014
v 0.3359375 1.5562500 0.2875000
vt 0.1616927 0.5356250
v 0.6640625 1.5562500 0.2875000
vt 0.1999740 0.5356250
v 0.6640625 1.2531250 0.2875000
vt 0.1999740 0.5592014
f 773/773 774/774 775/775 776/776
v 0.6640625 1.2531250 0.2875000
vt 0.1999740 0.5592014
v 0.6640625 1.5562500 0.2875000
vt 0.1999740 0.5356250
v 0.7343750 1.5562500 0.3512500
vt 0.2081771 0.5356250
v 0.7343750 1.2531250 0.3512500
vt 0.2081771 0.5592014
f 777/777 778/778 779/779 780/780
v 0.7343750 1.2531250 0.3512500
vt 0.1634792 0.5592014
v 0.7343750 1.5562500 0.3512500
vt 0.1634792 0.5356250
v 0.7343750 1.5562500 0.6487500
vt 0.1981875 0.5356250
v 0.7343750 1.2531250 0.6487500
vt 0.1981875 0.5592014
f 781/781 782/782 783/783 784/784
v 0.7343750 1.2531250 0.6487500
vt 0.2081771 0.5592014
v 0.7343750 1.5562500 0.6487500
vt 0.2081771 0.5356250
v 0.6640625 1.5562500 0.7125000
vt 0.1999740 0.5356250
v 0.6640625 1.2531250 0.7125000
vt 0.1999740 0.5592014
f 785/785 786/786 787/787 788/788
v 0.6640625 1.2531250 0.7125000
vt 0.1999740 0.5592014
v 0.6640625 1.5562500 0.7125000
vt 0.1999740 0.5356250
v 0.3359375 1.5562500 0.7125000
vt 0.1616927 0.5356250
v 0.3359375 1.2531250 0.7125000
vt 0.1616927 0.5592014
f 789/789 790/790 791/791 792/792
v 0.3359375 1.2531250 0.7125000
vt 0.1616927 0.5592014
v 0.3359375 1.5562500 0.7125000
vt 0.1616927 0.5356250
v 0.2656250 1.5562500 0.6487500
vt 0.1534896 0.5356250
v 0.2656250 1.2531250 0.6487500
vt 0.1534896 0.5592014
f 793/793 794/794 795/795 796/796
v 0.2656250 1.2531250 0.6487500
vt 0.1981875 0.5592014
v 0.2656250 1.5562500 0.6487500
vt 0.1981875 0.5356250
v 0.2656250 1.5562500 0.3512500
vt 0.1634792 0.5356250
v 0.2656250 1.2531250 0.3512500
vt 0.1634792 0.5592014
f 797/797 798/798 799/799 800/800
v 0.2656250 1.5562500 0.3512500
vt 0.1534896 0.5356250
v 0.2593750 1.6062500 0.3468750
vt 0.1527604 0.5317361
v 0.3315625 1.6062500 0.2812500
vt 0.1611823 0.5317361
v 0.3359375 1.5562500 0.2875000
vt 0.1616927 0.5356250
f 801/801 802/802 803/803 804/804
v 0.3359375 1.5562500 0.2875000
vt 0.1616927 0.5356250
v 0.3315625 1.6062500 0.2812500
vt 0.1611823 0.5317361
v 0.6684375 1.6062500 0.2812500
vt 0.2004844 0.5317361
v 0.6640625 1.5562500 0.2875000
vt 0.1999740 0.5356250
f 805/805 806/806 807/807 808/808
v 0.6640625 1.5562500 0.2875000
vt 0.1999740 0.5356250
v 0.6684375 1.6062500 0.2812500
vt 0.2004844 0.5317361
v 0.7406250 1.6062500 0.3468750
vt 0.2089063 0.5317361
v 0.7343750 1.5562500 0.3512500
vt 0.2081771 0.5356250
f 809/809 810/810 811/811 812/812
v 0.7343750 1.5562500 0.3512500
vt 0.1634792 0.5356250
v 0.7406250 1.6062500 0.3468750
vt 0.1629687 0.5317361
v 0.7406250 1.6062500 0.6531250
vt 0.1986979 0.5317361
v 0.7343750 1.5562500 0.6487500
vt 0.1981875 0.5356250
f 813/813 814/814 815/815 816/816
v 0.7343750 1.5562500 0.6487500
vt 0.2081771 0.5356250
v 0.7406250 1.6062500 0.6531250
vt 0.2089063 0.5317361
v 0.6684375 1.6062500 0.7187500
vt 0.2004844 0.5317361
v 0.6640625 1.5562500 0.7125000
vt 0.1999740 0.5356250
f 817/817 818/818 819/819 820/820
v 0.6640625 1.5562500 0.7125000
vt 0.1999740 0.5356250
v 0.6684375 1.6062500 0.7187500
vt 0.2004844 0.5317361
v 0.3315625 1.6062500 0.7187500
vt 0.1611823 0.5317361
v 0.3359375 1.5562500 0.7125000
vt 0.1616927 0.5356250
f 821/821 822/822 823/823 824/824
v 0.3359375 1.5562500 0.7125000
vt 0.1616927 0.5356250
v 0.3315625 1.6062500 0.7187500
vt 0.1611823 0.5317361
v 0.2593750 1.6062500 0.6531250
vt 0.1527604 0.5317361
v 0.2656250 1.5562500 0.6487500
vt 0.1534896 0.5356250
f 825/825 826/826 827/827 828/828
v 0.2656250 1.5562500 0.6487500
vt 0.1981875 0.5356250
v 0.2593750 1.6062500 0.6531250
vt 0.1986979 0.5317361
v 0.2593750 1.6062500 0.3468750
vt 0.1629687 0.5317361
v 0.2656250 1.5562500 0.3512500
vt 0.1634792 0.5356250
f 829/829 830/830 831/831 832/832
v 0.5000000 1.1531250 0.5000000
vt 0.1808333 0.6177778
v 0.4375000 1.1531250 0.4584375
vt 0.1735417 0.6210104
v 0.4562500 1.1531250 0.4406250
vt 0.1757292 0.6223958
f 833/833 834/834 835/835
v 0.5000000 1.1531250 0.5000000
vt 0.1808333 0.6177778
v 0.4562500 1.1531250 0.4406250
vt 0.1757292 0.6223958
v 0.5437500 1.1531250 0.4406250
vt 0.1859375 0.6223958
f 836/836 837/837 838/838
v 0.5000000 1.1531250 0.5000000
vt 0.1808333 0.6177778
v 0.5437500 1.1531250 0.4406250
vt 0.1859375 0.6223958
v 0.5625000 1.1531250 0.4584375
vt 0.1881250 0.6210104
f 839/839 840/840 841/841
v 0.5000000 1.1531250 0.5000000
vt 0.1808333 0.6177778
v 0.5625000 1.1531250 0.4584375
vt 0.1881250 0.6210104
v 0.5625000 1.1531250 0.5415625
vt 0.1881250 0.6145451
f 842/842 843/843 844/844
v 0.5000000 1.1531250 0.5000000
vt 0.1808333 0.6177778
v 0.5625000 1.1531250 0.5415625
vt 0.1881250 0.6145451
v 0.5437500 1.1531250 0.5593750
vt 0.1859375 0.6131597
f 845/845 846/846 847/847
v 0.5000000 1.1531250 0.5000000
vt 0.1808333 0.6177778
v 0.5437500 1.1531250 0.5593750
vt 0.1859375 0.6131597
v 0.4562500 1.1531250 0.5593750
vt 0.1757292 0.6131597
f 848/848 849/849 850/850
v 0.5000000 1.1531250 0.5000000
vt 0.1808333 0.6177778
v 0.4562500 1.1531250 0.5593750
vt 0.1757292 0.6131597
v 0.4375000 1.1531250 0.5415625
vt 0.1735417 0.6145451
f 851/851 852/852 853/853
v 0.5000000 1.1531250 0.5000000
vt 0.1808333 0.6177778
v 0.4375000 1.1531250 0.5415625
vt 0.1735417 0.6145451
v 0.4375000 1.1531250 0.4584375
vt 0.1735417 0.6210104
f 854/854 855/855 856/856
v 0.3315625 1.6062500 0.2812500
vt 0.1611823 0.6347917
v 0.2593750 1.6062500 0.3468750
vt 0.1527604 0.6296875
v 0.5000000 1.6062500 0.5000000
vt 0.1808333 0.6177778
f 857/857 858/858 859/859
v 0.6684375 1.6062500 0.2812500
vt 0.2004844 0.6347917
v 0.3315625 1.6062500 0.2812500
vt 0.1611823 0.6347917
v 0.5000000 1.6062500 0.5000000
vt 0.1808333 0.6177778
f 860/860 861/861 862/862
v 0.7406250 1.6062500 0.3468750
vt 0.2089063 0.6296875
v 0.6684375 1.6062500 0.2812500
vt 0.2004844 0.6347917
v 0.5000000 1.6062500 0.5000000
vt 0.1808333 0.6177778
f 863/863 864/864 865/865
v 0.7406250 1.6062500 0.6531250
vt 0.2089063 0.6058681
v 0.7406250 1.6062500 0.3468750
vt 0.2089063 0.6296875
v 0.5000000 1.6062500 0.5000000
vt 0.1808333 0.6177778
f 866/866 867/867 868/868
v 0.6684375 1.6062500 0.7187500
vt 0.2004844 0.6007639
v 0.7406250 1.6062500 0.6531250
vt 0.2089063 0.6058681
v 0.5000000 1.6062500 0.5000000
vt 0.1808333 0.6177778
f 869/869 870/870 871/871
v 0.3315625 1.6062500 0.7187500
vt 0.1611823 0.6007639
v 0.6684375 1.6062500 0.7187500
vt 0.2004844 0.6007639
v 0.5000000 1.6062500 0.5000000
vt 0.1808333 0.6177778
f 872/872 873/873 874/874
v 0.2593750 1.6062500 0.6531250
vt 0.1527604 0.6058681
v 0.3315625 1.6062500 0.7187500
vt 0.1611823 0.6007639
v 0.5000000 1.6062500 0.5000000
vt 0.1808333 0.6177778
f 875/875 876/876 877/877
v 0.2593750 1.6062500 0.3468750
vt 0.1527604 0.6296875
v 0.2593750 1.6062500 0.6531250
vt 0.1527604 0.6058681
v 0.5000000 1.6062500 0.5000000
vt 0.1808333 0.6177778
f 878/878 879/879 880/880
o thick_square_rim
usemtl steel
v 0.2593750 1.5937500 0.3468750
vt 0.4027604 0.6296875
v 0.2325000 1.6075000 0.3315625
vt 0.3996250 0.6308785
v 0.3127500 1.6075000 0.2593750
vt 0.4089875 0.6364931
v 0.3315625 1.5937500 0.2812500
vt 0.4111823 0.6347917
f 881/881 882/882 883/883 884/884
v 0.3315625 1.5937500 0.2812500
vt 0.4111823 0.6347917
v 0.3127500 1.6075000 0.2593750
vt 0.4089875 0.6364931
v 0.6872500 1.6075000 0.2593750
vt 0.4526792 0.6364931
v 0.6684375 1.5937500 0.2812500
vt 0.4504844 0.6347917
f 885/885 886/886 887/887 888/888
v 0.6684375 1.5937500 0.2812500
vt 0.4504844 0.6347917
v 0.6872500 1.6075000 0.2593750
vt 0.4526792 0.6364931
v 0.7675000 1.6075000 0.3315625
vt 0.4620417 0.6308785
v 0.7406250 1.5937500 0.3468750
vt 0.4589063 0.6296875
f 889/889 890/890 891/891 892/892
v 0.7406250 1.5937500 0.3468750
vt 0.4589063 0.6296875
v 0.7675000 1.6075000 0.3315625
vt 0.4620417 0.6308785
v 0.7675000 1.6075000 0.6684375
vt 0.4620417 0.6046771
v 0.7406250 1.5937500 0.6531250
vt 0.4589063 0.6058681
f 893/893 894/894 895/895 896/896
v 0.7406250 1.5937500 0.6531250
vt 0.4589063 0.6058681
v 0.7675000 1.6075000 0.6684375
vt 0.4620417 0.6046771
v 0.6872500 1.6075000 0.7406250
vt 0.4526792 0.5990625
v 0.6684375 1.5937500 0.7187500
vt 0.4504844 0.6007639
f 897/897 898/898 899/899 900/900
v 0.6684375 1.5937500 0.7187500
vt 0.4504844 0.6007639
v 0.6872500 1.6075000 0.7406250
vt 0.4526792 0.5990625
v 0.3127500 1.6075000 0.7406250
vt 0.4089875 0.5990625
v 0.3315625 1.5937500 0.7187500
vt 0.4111823 0.6007639
f 901/901 902/902 903/903 904/904
v 0.3315625 1.5937500 0.7187500
vt 0.4111823 0.6007639
v 0.3127500 1.6075000 0.7406250
vt 0.4089875 0.5990625
v 0.2325000 1.6075000 0.6684375
vt 0.3996250 0.6046771
v 0.2593750 1.5937500 0.6531250
vt 0.4027604 0.6058681
f 905/905 906/906 907/907 908/908
v 0.2593750 1.5937500 0.6531250
vt 0.4027604 0.6058681
v 0.2325000 1.6075000 0.6684375
vt 0.3996250 0.6046771
v 0.2325000 1.6075000 0.3315625
vt 0.3996250 0.6308785
v 0.2593750 1.5937500 0.3468750
vt 0.4027604 0.6296875
f 909/909 910/910 911/911 912/912
v 0.2325000 1.6075000 0.3315625
vt 0.3996250 0.5316389
v 0.2312500 1.6406250 0.3306875
vt 0.3994792 0.5290625
v 0.3118750 1.6406250 0.2581250
vt 0.4088854 0.5290625
v 0.3127500 1.6075000 0.2593750
vt 0.4089875 0.5316389
f 913/913 914/914 915/915 916/916
v 0.3127500 1.6075000 0.2593750
vt 0.4089875 0.5316389
v 0.3118750 1.6406250 0.2581250
vt 0.4088854 0.5290625
v 0.6881250 1.6406250 0.2581250
vt 0.4527813 0.5290625
v 0.6872500 1.6075000 0.2593750
vt 0.4526792 0.5316389
f 917/917 918/918 919/919 920/920
v 0.6872500 1.6075000 0.2593750
vt 0.4526792 0.5316389
v 0.6881250 1.6406250 0.2581250
vt 0.4527813 0.5290625
v 0.7687500 1.6406250 0.3306875
vt 0.4621875 0.5290625
v 0.7675000 1.6075000 0.3315625
vt 0.4620417 0.5316389
f 921/921 922/922 923/923 924/924
v 0.7675000 1.6075000 0.3315625
vt 0.4111823 0.5316389
v 0.7687500 1.6406250 0.3306875
vt 0.4110802 0.5290625
v 0.7687500 1.6406250 0.6693125
vt 0.4505865 0.5290625
v 0.7675000 1.6075000 0.6684375
vt 0.4504844 0.5316389
f 925/925 926/926 927/927 928/928
v 0.7675000 1.6075000 0.6684375
vt 0.4620417 0.5316389
v 0.7687500 1.6406250 0.6693125
vt 0.4621875 0.5290625
v 0.6881250 1.6406250 0.7418750
vt 0.4527813 0.5290625
v 0.6872500 1.6075000 0.7406250
vt 0.4526792 0.5316389
f 929/929 930/930 931/931 932/932
v 0.6872500 1.6075000 0.7406250
vt 0.4526792 0.5316389
v 0.6881250 1.6406250 0.7418750
vt 0.4527813 0.5290625
v 0.3118750 1.6406250 0.7418750
vt 0.4088854 0.5290625
v 0.3127500 1.6075000 0.7406250
vt 0.4089875 0.5316389
f 933/933 934/934 935/935 936/936
v 0.3127500 1.6075000 0.7406250
vt 0.4089875 0.5316389
v 0.3118750 1.6406250 0.7418750
vt 0.4088854 0.5290625
v 0.2312500 1.6406250 0.6693125
vt 0.3994792 0.5290625
v 0.2325000 1.6075000 0.6684375
vt 0.3996250 0.5316389
f 937/937 938/938 939/939 940/940
v 0.2325000 1.6075000 0.6684375
vt 0.4504844 0.5316389
v 0.2312500 1.6406250 0.6693125
vt 0.4505865 0.5290625
v 0.2312500 1.6406250 0.3306875
vt 0.4110802 0.5290625
v 0.2325000 1.6075000 0.3315625
vt 0.4111823 0.5316389
f 941/941 942/942 943/943 944/944
v 0.2312500 1.6406250 0.3306875
vt 0.3994792 0.6309465
v 0.2487500 1.6593750 0.3403125
vt 0.4015208 0.6301979
v 0.3241250 1.6593750 0.2718750
vt 0.4103146 0.6355208
v 0.3118750 1.6406250 0.2581250
vt 0.4088854 0.6365903
f 945/945 946/946 947/947 948/948
v 0.3118750 1.6406250 0.2581250
vt 0.4088854 0.5290625
v 0.3241250 1.6593750 0.2718750
vt 0.4103146 0.5276042
v 0.6758750 1.6593750 0.2718750
vt 0.4513521 0.5276042
v 0.6881250 1.6406250 0.2581250
vt 0.4527813 0.5290625
f 949/949 950/950 951/951 952/952
v 0.6881250 1.6406250 0.2581250
vt 0.4527813 0.6365903
v 0.6758750 1.6593750 0.2718750
vt 0.4513521 0.6355208
v 0.7512500 1.6593750 0.3403125
vt 0.4601458 0.6301979
v 0.7687500 1.6406250 0.3306875
vt 0.4621875 0.6309465
f 953/953 954/954 955/955 956/956
v 0.7687500 1.6406250 0.3306875
vt 0.4110802 0.5290625
v 0.7512500 1.6593750 0.3403125
vt 0.4122031 0.5276042
v 0.7512500 1.6593750 0.6596875
vt 0.4494635 0.5276042
v 0.7687500 1.6406250 0.6693125
vt 0.4505865 0.5290625
f 957/957 958/958 959/959 960/960
v 0.7687500 1.6406250 0.6693125
vt 0.4621875 0.6046090
v 0.7512500 1.6593750 0.6596875
vt 0.4601458 0.6053576
v 0.6758750 1.6593750 0.7281250
vt 0.4513521 0.6000347
v 0.6881250 1.6406250 0.7418750
vt 0.4527813 0.5989653
f 961/961 962/962 963/963 964/964
v 0.6881250 1.6406250 0.7418750
vt 0.4527813 0.5290625
v 0.6758750 1.6593750 0.7281250
vt 0.4513521 0.5276042
v 0.3241250 1.6593750 0.7281250
vt 0.4103146 0.5276042
v 0.3118750 1.6406250 0.7418750
vt 0.4088854 0.5290625
f 965/965 966/966 967/967 968/968
v 0.3118750 1.6406250 0.7418750
vt 0.4088854 0.5989653
v 0.3241250 1.6593750 0.7281250
vt 0.4103146 0.6000347
v 0.2487500 1.6593750 0.6596875
vt 0.4015208 0.6053576
v 0.2312500 1.6406250 0.6693125
vt 0.3994792 0.6046090
f 969/969 970/970 971/971 972/972
v 0.2312500 1.6406250 0.6693125
vt 0.4505865 0.5290625
v 0.2487500 1.6593750 0.6596875
vt 0.4494635 0.5276042
v 0.2487500 1.6593750 0.3403125
vt 0.4122031 0.5276042
v 0.2312500 1.6406250 0.3306875
vt 0.4110802 0.5290625
f 973/973 974/974 975/975 976/976
v 0.3241250 1.6593750 0.2718750
vt 0.4103146 0.6355208
v 0.3425000 1.6500000 0.2987500
vt 0.4124583 0.6334306
v 0.2750000 1.6500000 0.3591250
vt 0.4045833 0.6287347
v 0.2487500 1.6593750 0.3403125
vt 0.4015208 0.6301979
f 977/977 978/978 979/979 980/980
v 0.6758750 1.6593750 0.2718750
vt 0.4513521 0.6355208
v 0.6575000 1.6500000 0.2987500
vt 0.4492083 0.6334306
v 0.3425000 1.6500000 0.2987500
vt 0.4124583 0.6334306
v 0.3241250 1.6593750 0.2718750
vt 0.4103146 0.6355208
f 981/981 982/982 983/983 984/984
v 0.7512500 1.6593750 0.3403125
vt 0.4601458 0.6301979
v 0.7250000 1.6500000 0.3591250
vt 0.4570833 0.6287347
v 0.6575000 1.6500000 0.2987500
vt 0.4492083 0.6334306
v 0.6758750 1.6593750 0.2718750
vt 0.4513521 0.6355208
f 985/985 986/986 987/987 988/988
v 0.7512500 1.6593750 0.6596875
vt 0.4601458 0.6053576
v 0.7250000 1.6500000 0.6408750
vt 0.4570833 0.6068208
v 0.7250000 1.6500000 0.3591250
vt 0.4570833 0.6287347
v 0.7512500 1.6593750 0.3403125
vt 0.4601458 0.6301979
f 989/989 990/990 991/991 992/992
v 0.6758750 1.6593750 0.7281250
vt 0.4513521 0.6000347
v 0.6575000 1.6500000 0.7012500
vt 0.4492083 0.6021250
v 0.7250000 1.6500000 0.6408750
vt 0.4570833 0.6068208
v 0.7512500 1.6593750 0.6596875
vt 0.4601458 0.6053576
f 993/993 994/994 995/995 996/996
v 0.3241250 1.6593750 0.7281250
vt 0.4103146 0.6000347
v 0.3425000 1.6500000 0.7012500
vt 0.4124583 0.6021250
v 0.6575000 1.6500000 0.7012500
vt 0.4492083 0.6021250
v 0.6758750 1.6593750 0.7281250
vt 0.4513521 0.6000347
f 997/997 998/998 999/999 1000/1000
v 0.2487500 1.6593750 0.6596875
vt 0.4015208 0.6053576
v 0.2750000 1.6500000 0.6408750
vt 0.4045833 0.6068208
v 0.3425000 1.6500000 0.7012500
vt 0.4124583 0.6021250
v 0.3241250 1.6593750 0.7281250
vt 0.4103146 0.6000347
f 1001/1001 1002/1002 1003/1003 1004/1004
v 0.2487500 1.6593750 0.3403125
vt 0.4015208 0.6301979
v 0.2750000 1.6500000 0.3591250
vt 0.4045833 0.6287347
v 0.2750000 1.6500000 0.6408750
vt 0.4045833 0.6068208
v 0.2487500 1.6593750 0.6596875
vt 0.4015208 0.6053576
f 1005/1005 1006/1006 1007/1007 1008/1008
v 0.3425000 1.6500000 0.2987500
vt 0.4124583 0.5283333
v 0.3460000 1.6093750 0.3025000
vt 0.4128667 0.5314931
v 0.2800000 1.6093750 0.3617500
vt 0.4051667 0.5314931
v 0.2750000 1.6500000 0.3591250
vt 0.4045833 0.5283333
f 1009/1009 1010/1010 1011/1011 1012/1012
v 0.6575000 1.6500000 0.2987500
vt 0.4492083 0.5283333
v 0.6540000 1.6093750 0.3025000
vt 0.4488000 0.5314931
v 0.3460000 1.6093750 0.3025000
vt 0.4128667 0.5314931
v 0.3425000 1.6500000 0.2987500
vt 0.4124583 0.5283333
f 1013/1013 1014/1014 1015/1015 1016/1016
v 0.7250000 1.6500000 0.3591250
vt 0.4570833 0.5283333
v 0.7200000 1.6093750 0.3617500
vt 0.4565000 0.5314931
v 0.6540000 1.6093750 0.3025000
vt 0.4488000 0.5314931
v 0.6575000 1.6500000 0.2987500
vt 0.4492083 0.5283333
f 1017/1017 1018/1018 1019/1019 1020/1020
v 0.7250000 1.6500000 0.6408750
vt 0.4472687 0.5283333
v 0.7200000 1.6093750 0.6382500
vt 0.4469625 0.5314931
v 0.7200000 1.6093750 0.3617500
vt 0.4147042 0.5314931
v 0.7250000 1.6500000 0.3591250
vt 0.4143979 0.5283333
f 1021/1021 1022/1022 1023/1023 1024/1024
v 0.6575000 1.6500000 0.7012500
vt 0.4492083 0.5283333
v 0.6540000 1.6093750 0.6975000
vt 0.4488000 0.5314931
v 0.7200000 1.6093750 0.6382500
vt 0.4565000 0.5314931
v 0.7250000 1.6500000 0.6408750
vt 0.4570833 0.5283333
f 1025/1025 1026/1026 1027/1027 1028/1028
v 0.3425000 1.6500000 0.7012500
vt 0.4124583 0.5283333
v 0.3460000 1.6093750 0.6975000
vt 0.4128667 0.5314931
v 0.6540000 1.6093750 0.6975000
vt 0.4488000 0.5314931
v 0.6575000 1.6500000 0.7012500
vt 0.4492083 0.5283333
f 1029/1029 1030/1030 1031/1031 1032/1032
v 0.2750000 1.6500000 0.6408750
vt 0.4045833 0.5283333
v 0.2800000 1.6093750 0.6382500
vt 0.4051667 0.5314931
v 0.3460000 1.6093750 0.6975000
vt 0.4128667 0.5314931
v 0.3425000 1.6500000 0.7012500
vt 0.4124583 0.5283333
f 1033/1033 1034/1034 1035/1035 1036/1036
v 0.2750000 1.6500000 0.3591250
vt 0.4143979 0.5283333
v 0.2800000 1.6093750 0.3617500
vt 0.4147042 0.5314931
v 0.2800000 1.6093750 0.6382500
vt 0.4469625 0.5314931
v 0.2750000 1.6500000 0.6408750
vt 0.4472687 0.5283333
f 1037/1037 1038/1038 1039/1039 1040/1040
o EM_elemental_pool
usemtl glow
v 0.2793750 1.6312500 0.3608750
vt 0.1550937 0.2797917
v 0.2793750 1.6437500 0.3608750
vt 0.1550937 0.2788194
v 0.3455625 1.6437500 0.3012500
vt 0.1628156 0.2788194
v 0.3455625 1.6312500 0.3012500
vt 0.1628156 0.2797917
f 1041/1041 1042/1042 1043/1043 1044/1044
v 0.3455625 1.6312500 0.3012500
vt 0.1628156 0.2797917
v 0.3455625 1.6437500 0.3012500
vt 0.1628156 0.2788194
v 0.6544375 1.6437500 0.3012500
vt 0.1988510 0.2788194
v 0.6544375 1.6312500 0.3012500
vt 0.1988510 0.2797917
f 1045/1045 1046/1046 1047/1047 1048/1048
v 0.6544375 1.6312500 0.3012500
vt 0.1988510 0.2797917
v 0.6544375 1.6437500 0.3012500
vt 0.1988510 0.2788194
v 0.7206250 1.6437500 0.3608750
vt 0.2065729 0.2788194
v 0.7206250 1.6312500 0.3608750
vt 0.2065729 0.2797917
f 1049/1049 1050/1050 1051/1051 1052/1052
v 0.7206250 1.6312500 0.3608750
vt 0.1646021 0.2797917
v 0.7206250 1.6437500 0.3608750
vt 0.1646021 0.2788194
v 0.7206250 1.6437500 0.6391250
vt 0.1970646 0.2788194
v 0.7206250 1.6312500 0.6391250
vt 0.1970646 0.2797917
f 1053/1053 1054/1054 1055/1055 1056/1056
v 0.7206250 1.6312500 0.6391250
vt 0.2065729 0.2797917
v 0.7206250 1.6437500 0.6391250
vt 0.2065729 0.2788194
v 0.6544375 1.6437500 0.6987500
vt 0.1988510 0.2788194
v 0.6544375 1.6312500 0.6987500
vt 0.1988510 0.2797917
f 1057/1057 1058/1058 1059/1059 1060/1060
v 0.6544375 1.6312500 0.6987500
vt 0.1988510 0.2797917
v 0.6544375 1.6437500 0.6987500
vt 0.1988510 0.2788194
v 0.3455625 1.6437500 0.6987500
vt 0.1628156 0.2788194
v 0.3455625 1.6312500 0.6987500
vt 0.1628156 0.2797917
f 1061/1061 1062/1062 1063/1063 1064/1064
v 0.3455625 1.6312500 0.6987500
vt 0.1628156 0.2797917
v 0.3455625 1.6437500 0.6987500
vt 0.1628156 0.2788194
v 0.2793750 1.6437500 0.6391250
vt 0.1550937 0.2788194
v 0.2793750 1.6312500 0.6391250
vt 0.1550937 0.2797917
f 1065/1065 1066/1066 1067/1067 1068/1068
v 0.2793750 1.6312500 0.6391250
vt 0.1970646 0.2797917
v 0.2793750 1.6437500 0.6391250
vt 0.1970646 0.2788194
v 0.2793750 1.6437500 0.3608750
vt 0.1646021 0.2788194
v 0.2793750 1.6312500 0.3608750
vt 0.1646021 0.2797917
f 1069/1069 1070/1070 1071/1071 1072/1072
v 0.5000000 1.6312500 0.5000000
vt 0.1808333 0.3677778
v 0.2793750 1.6312500 0.3608750
vt 0.1550937 0.3785986
v 0.3455625 1.6312500 0.3012500
vt 0.1628156 0.3832361
f 1073/1073 1074/1074 1075/1075
v 0.5000000 1.6312500 0.5000000
vt 0.1808333 0.3677778
v 0.3455625 1.6312500 0.3012500
vt 0.1628156 0.3832361
v 0.6544375 1.6312500 0.3012500
vt 0.1988510 0.3832361
f 1076/1076 1077/1077 1078/1078
v 0.5000000 1.6312500 0.5000000
vt 0.1808333 0.3677778
v 0.6544375 1.6312500 0.3012500
vt 0.1988510 0.3832361
v 0.7206250 1.6312500 0.3608750
vt 0.2065729 0.3785986
f 1079/1079 1080/1080 1081/1081
v 0.5000000 1.6312500 0.5000000
vt 0.1808333 0.3677778
v 0.7206250 1.6312500 0.3608750
vt 0.2065729 0.3785986
v 0.7206250 1.6312500 0.6391250
vt 0.2065729 0.3569569
f 1082/1082 1083/1083 1084/1084
v 0.5000000 1.6312500 0.5000000
vt 0.1808333 0.3677778
v 0.7206250 1.6312500 0.6391250
vt 0.2065729 0.3569569
v 0.6544375 1.6312500 0.6987500
vt 0.1988510 0.3523194
f 1085/1085 1086/1086 1087/1087
v 0.5000000 1.6312500 0.5000000
vt 0.1808333 0.3677778
v 0.6544375 1.6312500 0.6987500
vt 0.1988510 0.3523194
v 0.3455625 1.6312500 0.6987500
vt 0.1628156 0.3523194
f 1088/1088 1089/1089 1090/1090
v 0.5000000 1.6312500 0.5000000
vt 0.1808333 0.3677778
v 0.3455625 1.6312500 0.6987500
vt 0.1628156 0.3523194
v 0.2793750 1.6312500 0.6391250
vt 0.1550937 0.3569569
f 1091/1091 1092/1092 1093/1093
v 0.5000000 1.6312500 0.5000000
vt 0.1808333 0.3677778
v 0.2793750 1.6312500 0.6391250
vt 0.1550937 0.3569569
v 0.2793750 1.6312500 0.3608750
vt 0.1550937 0.3785986
f 1094/1094 1095/1095 1096/1096
v 0.3455625 1.6437500 0.3012500
vt 0.1628156 0.3832361
v 0.2793750 1.6437500 0.3608750
vt 0.1550937 0.3785986
v 0.5000000 1.6437500 0.5000000
vt 0.1808333 0.3677778
f 1097/1097 1098/1098 1099/1099
v 0.6544375 1.6437500 0.3012500
vt 0.1988510 0.3832361
v 0.3455625 1.6437500 0.3012500
vt 0.1628156 0.3832361
v 0.5000000 1.6437500 0.5000000
vt 0.1808333 0.3677778
f 1100/1100 1101/1101 1102/1102
v 0.7206250 1.6437500 0.3608750
vt 0.2065729 0.3785986
v 0.6544375 1.6437500 0.3012500
vt 0.1988510 0.3832361
v 0.5000000 1.6437500 0.5000000
vt 0.1808333 0.3677778
f 1103/1103 1104/1104 1105/1105
v 0.7206250 1.6437500 0.6391250
vt 0.2065729 0.3569569
v 0.7206250 1.6437500 0.3608750
vt 0.2065729 0.3785986
v 0.5000000 1.6437500 0.5000000
vt 0.1808333 0.3677778
f 1106/1106 1107/1107 1108/1108
v 0.6544375 1.6437500 0.6987500
vt 0.1988510 0.3523194
v 0.7206250 1.6437500 0.6391250
vt 0.2065729 0.3569569
v 0.5000000 1.6437500 0.5000000
vt 0.1808333 0.3677778
f 1109/1109 1110/1110 1111/1111
v 0.3455625 1.6437500 0.6987500
vt 0.1628156 0.3523194
v 0.6544375 1.6437500 0.6987500
vt 0.1988510 0.3523194
v 0.5000000 1.6437500 0.5000000
vt 0.1808333 0.3677778
f 1112/1112 1113/1113 1114/1114
v 0.2793750 1.6437500 0.6391250
vt 0.1550937 0.3569569
v 0.3455625 1.6437500 0.6987500
vt 0.1628156 0.3523194
v 0.5000000 1.6437500 0.5000000
vt 0.1808333 0.3677778
f 1115/1115 1116/1116 1117/1117
v 0.2793750 1.6437500 0.3608750
vt 0.1550937 0.3785986
v 0.2793750 1.6437500 0.6391250
vt 0.1550937 0.3569569
v 0.5000000 1.6437500 0.5000000
vt 0.1808333 0.3677778
f 1118/1118 1119/1119 1120/1120
o lower_iron_binding
usemtl steel
v 0.2618750 1.2562500 0.3486250
vt 0.4030521 0.5589583
v 0.2618750 1.2856250 0.3486250
vt 0.4030521 0.5566736
v 0.3333125 1.2856250 0.2837500
vt 0.4113865 0.5566736
v 0.3333125 1.2562500 0.2837500
vt 0.4113865 0.5589583
f 1121/1121 1122/1122 1123/1123 1124/1124
v 0.3333125 1.2562500 0.2837500
vt 0.4113865 0.5589583
v 0.3333125 1.2856250 0.2837500
vt 0.4113865 0.5566736
v 0.6666875 1.2856250 0.2837500
vt 0.4502802 0.5566736
v 0.6666875 1.2562500 0.2837500
vt 0.4502802 0.5589583
f 1125/1125 1126/1126 1127/1127 1128/1128
v 0.6666875 1.2562500 0.2837500
vt 0.4502802 0.5589583
v 0.6666875 1.2856250 0.2837500
vt 0.4502802 0.5566736
v 0.7381250 1.2856250 0.3486250
vt 0.4586146 0.5566736
v 0.7381250 1.2562500 0.3486250
vt 0.4586146 0.5589583
f 1129/1129 1130/1130 1131/1131 1132/1132
v 0.7381250 1.2562500 0.3486250
vt 0.4131729 0.5589583
v 0.7381250 1.2856250 0.3486250
vt 0.4131729 0.5566736
v 0.7381250 1.2856250 0.6513750
vt 0.4484937 0.5566736
v 0.7381250 1.2562500 0.6513750
vt 0.4484937 0.5589583
f 1133/1133 1134/1134 1135/1135 1136/1136
v 0.7381250 1.2562500 0.6513750
vt 0.4586146 0.5589583
v 0.7381250 1.2856250 0.6513750
vt 0.4586146 0.5566736
v 0.6666875 1.2856250 0.7162500
vt 0.4502802 0.5566736
v 0.6666875 1.2562500 0.7162500
vt 0.4502802 0.5589583
f 1137/1137 1138/1138 1139/1139 1140/1140
v 0.6666875 1.2562500 0.7162500
vt 0.4502802 0.5589583
v 0.6666875 1.2856250 0.7162500
vt 0.4502802 0.5566736
v 0.3333125 1.2856250 0.7162500
vt 0.4113865 0.5566736
v 0.3333125 1.2562500 0.7162500
vt 0.4113865 0.5589583
f 1141/1141 1142/1142 1143/1143 1144/1144
v 0.3333125 1.2562500 0.7162500
vt 0.4113865 0.5589583
v 0.3333125 1.2856250 0.7162500
vt 0.4113865 0.5566736
v 0.2618750 1.2856250 0.6513750
vt 0.4030521 0.5566736
v 0.2618750 1.2562500 0.6513750
vt 0.4030521 0.5589583
f 1145/1145 1146/1146 1147/1147 1148/1148
v 0.2618750 1.2562500 0.6513750
vt 0.4484937 0.5589583
v 0.2618750 1.2856250 0.6513750
vt 0.4484937 0.5566736
v 0.2618750 1.2856250 0.3486250
vt 0.4131729 0.5566736
v 0.2618750 1.2562500 0.3486250
vt 0.4131729 0.5589583
f 1149/1149 1150/1150 1151/1151 1152/1152
o iron_side_loop_-1
usemtl steel
v 0.2418750 1.3867063 0.4412619
vt 0.4007187 0.6223463
v 0.2262500 1.3750000 0.4718750
vt 0.3988958 0.6199653
v 0.2418750 1.3900000 0.4762500
vt 0.4007187 0.6196250
v 0.2262500 1.3968750 0.4531250
vt 0.3988958 0.6214236
f 1153/1153 1154/1154 1155/1155 1156/1156
v 0.2575000 1.3968750 0.4531250
vt 0.4025417 0.5480208
v 0.2418750 1.3600000 0.4675000
vt 0.4007187 0.5508889
v 0.2262500 1.3750000 0.4718750
vt 0.3988958 0.5497222
v 0.2418750 1.3867063 0.4412619
vt 0.4007187 0.5488117
f 1157/1157 1158/1158 1159/1159 1160/1160
v 0.2418750 1.4070437 0.4649881
vt 0.4007187 0.5472299
v 0.2418750 1.3600000 0.4675000
vt 0.4007187 0.5508889
v 0.2575000 1.3750000 0.4718750
vt 0.4025417 0.5497222
v 0.2575000 1.3968750 0.4531250
vt 0.4025417 0.5480208
f 1161/1161 1162/1162 1163/1163 1164/1164
v 0.2262500 1.3968750 0.4531250
vt 0.3988958 0.6214236
v 0.2575000 1.3750000 0.4718750
vt 0.4025417 0.6199653
v 0.2418750 1.3900000 0.4762500
vt 0.4007187 0.6196250
v 0.2418750 1.4070437 0.4649881
vt 0.4007187 0.6205009
f 1165/1165 1166/1166 1167/1167 1168/1168
v 0.2262500 1.3750000 0.4718750
vt 0.3988958 0.6199653
v 0.2262500 1.3750000 0.5281250
vt 0.3988958 0.6155903
v 0.2418750 1.3900000 0.5237500
vt 0.4007187 0.6159306
v 0.2418750 1.3900000 0.4762500
vt 0.4007187 0.6196250
f 1169/1169 1170/1170 1171/1171 1172/1172
v 0.2418750 1.3600000 0.4675000
vt 0.4007187 0.6203056
v 0.2418750 1.3600000 0.5325000
vt 0.4007187 0.6152500
v 0.2262500 1.3750000 0.5281250
vt 0.3988958 0.6155903
v 0.2262500 1.3750000 0.4718750
vt 0.3988958 0.6199653
f 1173/1173 1174/1174 1175/1175 1176/1176
v 0.2575000 1.3750000 0.4718750
vt 0.4025417 0.6199653
v 0.2575000 1.3750000 0.5281250
vt 0.4025417 0.6155903
v 0.2418750 1.3600000 0.5325000
vt 0.4007187 0.6152500
v 0.2418750 1.3600000 0.4675000
vt 0.4007187 0.6203056
f 1177/1177 1178/1178 1179/1179 1180/1180
v 0.2418750 1.3900000 0.4762500
vt 0.4007187 0.6196250
v 0.2418750 1.3900000 0.5237500
vt 0.4007187 0.6159306
v 0.2575000 1.3750000 0.5281250
vt 0.4025417 0.6155903
v 0.2575000 1.3750000 0.4718750
vt 0.4025417 0.6199653
f 1181/1181 1182/1182 1183/1183 1184/1184
v 0.2262500 1.3750000 0.5281250
vt 0.3988958 0.5497222
v 0.2575000 1.3968750 0.5468750
vt 0.4025417 0.5480208
v 0.2418750 1.3993762 0.5314513
vt 0.4007187 0.5478263
v 0.2418750 1.3900000 0.5237500
vt 0.4007187 0.5485556
f 1185/1185 1186/1186 1187/1187 1188/1188
v 0.2418750 1.3600000 0.5325000
vt 0.4007187 0.5508889
v 0.2262500 1.3968750 0.5468750
vt 0.3988958 0.5480208
v 0.2418750 1.3993762 0.5314513
vt 0.4007187 0.5478263
v 0.2262500 1.3750000 0.5281250
vt 0.3988958 0.5497222
f 1189/1189 1190/1190 1191/1191 1192/1192
v 0.2575000 1.3750000 0.5281250
vt 0.4025417 0.6155903
v 0.2418750 1.3943737 0.5622987
vt 0.4007187 0.6129323
v 0.2262500 1.3968750 0.5468750
vt 0.3988958 0.6141319
v 0.2418750 1.3600000 0.5325000
vt 0.4007187 0.6152500
f 1193/1193 1194/1194 1195/1195 1196/1196
v 0.2418750 1.3900000 0.5237500
vt 0.4007187 0.6159306
v 0.2418750 1.3943737 0.5622987
vt 0.4007187 0.6129323
v 0.2575000 1.3968750 0.5468750
vt 0.4025417 0.6141319
v 0.2575000 1.3750000 0.5281250
vt 0.4025417 0.6155903
f 1197/1197 1198/1198 1199/1199 1200/1200
v 0.2418750 1.3993762 0.5314513
vt 0.4007187 0.5478263
v 0.2418750 1.4881237 0.5314513
vt 0.4007187 0.5409237
v 0.2575000 1.4906250 0.5468750
vt 0.4025417 0.5407292
v 0.2575000 1.3968750 0.5468750
vt 0.4025417 0.5480208
f 1201/1201 1202/1202 1203/1203 1204/1204
v 0.2262500 1.3968750 0.5468750
vt 0.3988958 0.5480208
v 0.2262500 1.4906250 0.5468750
vt 0.3988958 0.5407292
v 0.2418750 1.4881237 0.5314513
vt 0.4007187 0.5409237
v 0.2418750 1.3993762 0.5314513
vt 0.4007187 0.5478263
f 1205/1205 1206/1206 1207/1207 1208/1208
v 0.2418750 1.3943737 0.5622987
vt 0.4007187 0.5482154
v 0.2418750 1.4931262 0.5622987
vt 0.4007187 0.5405346
v 0.2262500 1.4906250 0.5468750
vt 0.3988958 0.5407292
v 0.2262500 1.3968750 0.5468750
vt 0.3988958 0.5480208
f 1209/1209 1210/1210 1211/1211 1212/1212
v 0.2575000 1.3968750 0.5468750
vt 0.4025417 0.5480208
v 0.2575000 1.4906250 0.5468750
vt 0.4025417 0.5407292
v 0.2418750 1.4931262 0.5622987
vt 0.4007187 0.5405346
v 0.2418750 1.3943737 0.5622987
vt 0.4007187 0.5482154
f 1213/1213 1214/1214 1215/1215 1216/1216
v 0.2575000 1.4906250 0.5468750
vt 0.4025417 0.6141319
v 0.2262500 1.5125000 0.5281250
vt 0.3988958 0.6155903
v 0.2418750 1.4975000 0.5237500
vt 0.4007187 0.6159306
v 0.2418750 1.4881237 0.5314513
vt 0.4007187 0.6153316
f 1217/1217 1218/1218 1219/1219 1220/1220
v 0.2418750 1.4881237 0.5314513
vt 0.4007187 0.5409237
v 0.2418750 1.5275000 0.5325000
vt 0.4007187 0.5378611
v 0.2262500 1.5125000 0.5281250
vt 0.3988958 0.5390278
v 0.2262500 1.4906250 0.5468750
vt 0.3988958 0.5407292
f 1221/1221 1222/1222 1223/1223 1224/1224
v 0.2262500 1.4906250 0.5468750
vt 0.3988958 0.5407292
v 0.2418750 1.5275000 0.5325000
vt 0.4007187 0.5378611
v 0.2575000 1.5125000 0.5281250
vt 0.4025417 0.5390278
v 0.2418750 1.4931262 0.5622987
vt 0.4007187 0.5405346
f 1225/1225 1226/1226 1227/1227 1228/1228
v 0.2418750 1.4931262 0.5622987
vt 0.4007187 0.6129323
v 0.2575000 1.5125000 0.5281250
vt 0.4025417 0.6155903
v 0.2418750 1.4975000 0.5237500
vt 0.4007187 0.6159306
v 0.2575000 1.4906250 0.5468750
vt 0.4025417 0.6141319
f 1229/1229 1230/1230 1231/1231 1232/1232
v 0.2262500 1.5125000 0.5281250
vt 0.3988958 0.6155903
v 0.2262500 1.5125000 0.4718750
vt 0.3988958 0.6199653
v 0.2418750 1.4975000 0.4762500
vt 0.4007187 0.6196250
v 0.2418750 1.4975000 0.5237500
vt 0.4007187 0.6159306
f 1233/1233 1234/1234 1235/1235 1236/1236
v 0.2418750 1.5275000 0.5325000
vt 0.4007187 0.6152500
v 0.2418750 1.5275000 0.4675000
vt 0.4007187 0.6203056
v 0.2262500 1.5125000 0.4718750
vt 0.3988958 0.6199653
v 0.2262500 1.5125000 0.5281250
vt 0.3988958 0.6155903
f 1237/1237 1238/1238 1239/1239 1240/1240
v 0.2575000 1.5125000 0.5281250
vt 0.4025417 0.6155903
v 0.2575000 1.5125000 0.4718750
vt 0.4025417 0.6199653
v 0.2418750 1.5275000 0.4675000
vt 0.4007187 0.6203056
v 0.2418750 1.5275000 0.5325000
vt 0.4007187 0.6152500
f 1241/1241 1242/1242 1243/1243 1244/1244
v 0.2418750 1.4975000 0.5237500
vt 0.4007187 0.6159306
v 0.2418750 1.4975000 0.4762500
vt 0.4007187 0.6196250
v 0.2575000 1.5125000 0.4718750
vt 0.4025417 0.6199653
v 0.2575000 1.5125000 0.5281250
vt 0.4025417 0.6155903
f 1245/1245 1246/1246 1247/1247 1248/1248
v 0.2418750 1.4975000 0.4762500
vt 0.4007187 0.6196250
v 0.2418750 1.4931262 0.4377012
vt 0.4007187 0.6226232
v 0.2262500 1.4906250 0.4531250
vt 0.3988958 0.6214236
v 0.2262500 1.5125000 0.4718750
vt 0.3988958 0.6199653
f 1249/1249 1250/1250 1251/1251 1252/1252
v 0.2262500 1.5125000 0.4718750
vt 0.3988958 0.6199653
v 0.2418750 1.4931262 0.4377012
vt 0.4007187 0.6226232
v 0.2575000 1.4906250 0.4531250
vt 0.4025417 0.6214236
v 0.2418750 1.5275000 0.4675000
vt 0.4007187 0.6203056
f 1253/1253 1254/1254 1255/1255 1256/1256
v 0.2418750 1.5275000 0.4675000
vt 0.4007187 0.5378611
v 0.2575000 1.4906250 0.4531250
vt 0.4025417 0.5407292
v 0.2418750 1.4881237 0.4685488
vt 0.4007187 0.5409237
v 0.2575000 1.5125000 0.4718750
vt 0.4025417 0.5390278
f 1257/1257 1258/1258 1259/1259 1260/1260
v 0.2575000 1.5125000 0.4718750
vt 0.4025417 0.5390278
v 0.2262500 1.4906250 0.4531250
vt 0.3988958 0.5407292
v 0.2418750 1.4881237 0.4685488
vt 0.4007187 0.5409237
v 0.2418750 1.4975000 0.4762500
vt 0.4007187 0.5401944
f 1261/1261 1262/1262 1263/1263 1264/1264
v 0.2418750 1.4931262 0.4377012
vt 0.4235652 0.5405346
v 0.2418750 1.3968750 0.4375000
vt 0.4235417 0.5480208
v 0.2262500 1.3968750 0.4531250
vt 0.4253646 0.5480208
v 0.2262500 1.4906250 0.4531250
vt 0.4253646 0.5407292
f 1265/1265 1266/1266 1267/1267 1268/1268
v 0.2575000 1.4906250 0.4531250
vt 0.4253646 0.5407292
v 0.2575000 1.3968750 0.4531250
vt 0.4253646 0.5480208
v 0.2418750 1.3968750 0.4375000
vt 0.4235417 0.5480208
v 0.2418750 1.4931262 0.4377012
vt 0.4235652 0.5405346
f 1269/1269 1270/1270 1271/1271 1272/1272
v 0.2418750 1.4881237 0.4685488
vt 0.4271640 0.5409237
v 0.2418750 1.3968750 0.4687500
vt 0.4271875 0.5480208
v 0.2575000 1.3968750 0.4531250
vt 0.4253646 0.5480208
v 0.2575000 1.4906250 0.4531250
vt 0.4253646 0.5407292
f 1273/1273 1274/1274 1275/1275 1276/1276
v 0.2262500 1.4906250 0.4531250
vt 0.4253646 0.5407292
v 0.2262500 1.3968750 0.4531250
vt 0.4253646 0.5480208
v 0.2418750 1.3968750 0.4687500
vt 0.4271875 0.5480208
v 0.2418750 1.4881237 0.4685488
vt 0.4271640 0.5409237
f 1277/1277 1278/1278 1279/1279 1280/1280
v 0.2418750 1.3867063 0.4412619
vt 0.4007187 0.6223463
v 0.2262500 1.3968750 0.4531250
vt 0.3988958 0.6214236
v 0.2418750 1.3968750 0.4531250
vt 0.4007187 0.6214236
f 1281/1281 1282/1282 1283/1283
v 0.2575000 1.3968750 0.4531250
vt 0.4025417 0.6214236
v 0.2418750 1.3867063 0.4412619
vt 0.4007187 0.6223463
v 0.2418750 1.3968750 0.4531250
vt 0.4007187 0.6214236
f 1284/1284 1285/1285 1286/1286
v 0.2418750 1.4070437 0.4649881
vt 0.4007187 0.6205009
v 0.2575000 1.3968750 0.4531250
vt 0.4025417 0.6214236
v 0.2418750 1.3968750 0.4531250
vt 0.4007187 0.6214236
f 1287/1287 1288/1288 1289/1289
v 0.2262500 1.3968750 0.4531250
vt 0.3988958 0.6214236
v 0.2418750 1.4070437 0.4649881
vt 0.4007187 0.6205009
v 0.2418750 1.3968750 0.4531250
vt 0.4007187 0.6214236
f 1290/1290 1291/1291 1292/1292
v 0.2418750 1.3968750 0.4531250
vt 0.4007187 0.6214236
v 0.2262500 1.3968750 0.4531250
vt 0.3988958 0.6214236
v 0.2418750 1.3968750 0.4375000
vt 0.4007187 0.6226389
f 1293/1293 1294/1294 1295/1295
v 0.2418750 1.3968750 0.4531250
vt 0.4007187 0.6214236
v 0.2418750 1.3968750 0.4375000
vt 0.4007187 0.6226389
v 0.2575000 1.3968750 0.4531250
vt 0.4025417 0.6214236
f 1296/1296 1297/1297 1298/1298
v 0.2418750 1.3968750 0.4531250
vt 0.4007187 0.6214236
v 0.2575000 1.3968750 0.4531250
vt 0.4025417 0.6214236
v 0.2418750 1.3968750 0.4687500
vt 0.4007187 0.6202083
f 1299/1299 1300/1300 1301/1301
v 0.2418750 1.3968750 0.4531250
vt 0.4007187 0.6214236
v 0.2418750 1.3968750 0.4687500
vt 0.4007187 0.6202083
v 0.2262500 1.3968750 0.4531250
vt 0.3988958 0.6214236
f 1302/1302 1303/1303 1304/1304
o hinge_rivet_-1_7.4
usemtl steel
v 0.2381250 1.5406250 0.4468750
vt 0.9002813 0.7868403
v 0.2656250 1.5406250 0.4468750
vt 0.9034896 0.7868403
v 0.2656250 1.5031250 0.4468750
vt 0.9034896 0.7897569
v 0.2381250 1.5031250 0.4468750
vt 0.9002813 0.7897569
f 1305/1305 1306/1306 1307/1307 1308/1308
v 0.2656250 1.5406250 0.4781250
vt 0.9034896 0.7868403
v 0.2381250 1.5406250 0.4781250
vt 0.9002813 0.7868403
v 0.2381250 1.5031250 0.4781250
vt 0.9002813 0.7897569
v 0.2656250 1.5031250 0.4781250
vt 0.9034896 0.7897569
f 1309/1309 1310/1310 1311/1311 1312/1312
v 0.2381250 1.5406250 0.4781250
vt 0.9282813 0.7868403
v 0.2381250 1.5406250 0.4468750
vt 0.9246354 0.7868403
v 0.2381250 1.5031250 0.4468750
vt 0.9246354 0.7897569
v 0.2381250 1.5031250 0.4781250
vt 0.9282813 0.7897569
f 1313/1313 1314/1314 1315/1315 1316/1316
v 0.2656250 1.5406250 0.4468750
vt 0.9246354 0.7868403
v 0.2656250 1.5406250 0.4781250
vt 0.9282813 0.7868403
v 0.2656250 1.5031250 0.4781250
vt 0.9282813 0.7897569
v 0.2656250 1.5031250 0.4468750
vt 0.9246354 0.7897569
f 1317/1317 1318/1318 1319/1319 1320/1320
v 0.2656250 1.5031250 0.4468750
vt 0.9034896 0.8719097
v 0.2656250 1.5031250 0.4781250
vt 0.9034896 0.8694792
v 0.2381250 1.5031250 0.4781250
vt 0.9002813 0.8694792
v 0.2381250 1.5031250 0.4468750
vt 0.9002813 0.8719097
f 1321/1321 1322/1322 1323/1323 1324/1324
v 0.2656250 1.5406250 0.4781250
vt 0.9034896 0.8694792
v 0.2656250 1.5406250 0.4468750
vt 0.9034896 0.8719097
v 0.2381250 1.5406250 0.4468750
vt 0.9002813 0.8719097
v 0.2381250 1.5406250 0.4781250
vt 0.9002813 0.8694792
f 1325/1325 1326/1326 1327/1327 1328/1328
o hinge_rivet_-1_8.6
usemtl steel
v 0.2381250 1.5406250 0.5218750
vt 0.9002813 0.7868403
v 0.2656250 1.5406250 0.5218750
vt 0.9034896 0.7868403
v 0.2656250 1.5031250 0.5218750
vt 0.9034896 0.7897569
v 0.2381250 1.5031250 0.5218750
vt 0.9002813 0.7897569
f 1329/1329 1330/1330 1331/1331 1332/1332
v 0.2656250 1.5406250 0.5531250
vt 0.9034896 0.7868403
v 0.2381250 1.5406250 0.5531250
vt 0.9002813 0.7868403
v 0.2381250 1.5031250 0.5531250
vt 0.9002813 0.7897569
v 0.2656250 1.5031250 0.5531250
vt 0.9034896 0.7897569
f 1333/1333 1334/1334 1335/1335 1336/1336
v 0.2381250 1.5406250 0.5531250
vt 0.9370313 0.7868403
v 0.2381250 1.5406250 0.5218750
vt 0.9333854 0.7868403
v 0.2381250 1.5031250 0.5218750
vt 0.9333854 0.7897569
v 0.2381250 1.5031250 0.5531250
vt 0.9370313 0.7897569
f 1337/1337 1338/1338 1339/1339 1340/1340
v 0.2656250 1.5406250 0.5218750
vt 0.9333854 0.7868403
v 0.2656250 1.5406250 0.5531250
vt 0.9370313 0.7868403
v 0.2656250 1.5031250 0.5531250
vt 0.9370313 0.7897569
v 0.2656250 1.5031250 0.5218750
vt 0.9333854 0.7897569
f 1341/1341 1342/1342 1343/1343 1344/1344
v 0.2656250 1.5031250 0.5218750
vt 0.9034896 0.8660764
v 0.2656250 1.5031250 0.5531250
vt 0.9034896 0.8636458
v 0.2381250 1.5031250 0.5531250
vt 0.9002813 0.8636458
v 0.2381250 1.5031250 0.5218750
vt 0.9002813 0.8660764
f 1345/1345 1346/1346 1347/1347 1348/1348
v 0.2656250 1.5406250 0.5531250
vt 0.9034896 0.8636458
v 0.2656250 1.5406250 0.5218750
vt 0.9034896 0.8660764
v 0.2381250 1.5406250 0.5218750
vt 0.9002813 0.8660764
v 0.2381250 1.5406250 0.5531250
vt 0.9002813 0.8636458
f 1349/1349 1350/1350 1351/1351 1352/1352
o iron_side_loop_1
usemtl steel
v 0.7581250 1.3867063 0.4412619
vt 0.4609479 0.6223463
v 0.7425000 1.3750000 0.4718750
vt 0.4591250 0.6199653
v 0.7581250 1.3900000 0.4762500
vt 0.4609479 0.6196250
v 0.7425000 1.3968750 0.4531250
vt 0.4591250 0.6214236
f 1353/1353 1354/1354 1355/1355 1356/1356
v 0.7737500 1.3968750 0.4531250
vt 0.4627708 0.5480208
v 0.7581250 1.3600000 0.4675000
vt 0.4609479 0.5508889
v 0.7425000 1.3750000 0.4718750
vt 0.4591250 0.5497222
v 0.7581250 1.3867063 0.4412619
vt 0.4609479 0.5488117
f 1357/1357 1358/1358 1359/1359 1360/1360
v 0.7581250 1.4070437 0.4649881
vt 0.4609479 0.5472299
v 0.7581250 1.3600000 0.4675000
vt 0.4609479 0.5508889
v 0.7737500 1.3750000 0.4718750
vt 0.4627708 0.5497222
v 0.7737500 1.3968750 0.4531250
vt 0.4627708 0.5480208
f 1361/1361 1362/1362 1363/1363 1364/1364
v 0.7425000 1.3968750 0.4531250
vt 0.4591250 0.6214236
v 0.7737500 1.3750000 0.4718750
vt 0.4627708 0.6199653
v 0.7581250 1.3900000 0.4762500
vt 0.4609479 0.6196250
v 0.7581250 1.4070437 0.4649881
vt 0.4609479 0.6205009
f 1365/1365 1366/1366 1367/1367 1368/1368
v 0.7425000 1.3750000 0.4718750
vt 0.4591250 0.6199653
v 0.7425000 1.3750000 0.5281250
vt 0.4591250 0.6155903
v 0.7581250 1.3900000 0.5237500
vt 0.4609479 0.6159306
v 0.7581250 1.3900000 0.4762500
vt 0.4609479 0.6196250
f 1369/1369 1370/1370 1371/1371 1372/1372
v 0.7581250 1.3600000 0.4675000
vt 0.4609479 0.6203056
v 0.7581250 1.3600000 0.5325000
vt 0.4609479 0.6152500
v 0.7425000 1.3750000 0.5281250
vt 0.4591250 0.6155903
v 0.7425000 1.3750000 0.4718750
vt 0.4591250 0.6199653
f 1373/1373 1374/1374 1375/1375 1376/1376
v 0.7737500 1.3750000 0.4718750
vt 0.4627708 0.6199653
v 0.7737500 1.3750000 0.5281250
vt 0.4627708 0.6155903
v 0.7581250 1.3600000 0.5325000
vt 0.4609479 0.6152500
v 0.7581250 1.3600000 0.4675000
vt 0.4609479 0.6203056
f 1377/1377 1378/1378 1379/1379 1380/1380
v 0.7581250 1.3900000 0.4762500
vt 0.4609479 0.6196250
v 0.7581250 1.3900000 0.5237500
vt 0.4609479 0.6159306
v 0.7737500 1.3750000 0.5281250
vt 0.4627708 0.6155903
v 0.7737500 1.3750000 0.4718750
vt 0.4627708 0.6199653
f 1381/1381 1382/1382 1383/1383 1384/1384
v 0.7425000 1.3750000 0.5281250
vt 0.4591250 0.5497222
v 0.7737500 1.3968750 0.5468750
vt 0.4627708 0.5480208
v 0.7581250 1.3993762 0.5314513
vt 0.4609479 0.5478263
v 0.7581250 1.3900000 0.5237500
vt 0.4609479 0.5485556
f 1385/1385 1386/1386 1387/1387 1388/1388
v 0.7581250 1.3600000 0.5325000
vt 0.4609479 0.5508889
v 0.7425000 1.3968750 0.5468750
vt 0.4591250 0.5480208
v 0.7581250 1.3993762 0.5314513
vt 0.4609479 0.5478263
v 0.7425000 1.3750000 0.5281250
vt 0.4591250 0.5497222
f 1389/1389 1390/1390 1391/1391 1392/1392
v 0.7737500 1.3750000 0.5281250
vt 0.4627708 0.6155903
v 0.7581250 1.3943737 0.5622987
vt 0.4609479 0.6129323
v 0.7425000 1.3968750 0.5468750
vt 0.4591250 0.6141319
v 0.7581250 1.3600000 0.5325000
vt 0.4609479 0.6152500
f 1393/1393 1394/1394 1395/1395 1396/1396
v 0.7581250 1.3900000 0.5237500
vt 0.4609479 0.6159306
v 0.7581250 1.3943737 0.5622987
vt 0.4609479 0.6129323
v 0.7737500 1.3968750 0.5468750
vt 0.4627708 0.6141319
v 0.7737500 1.3750000 0.5281250
vt 0.4627708 0.6155903
f 1397/1397 1398/1398 1399/1399 1400/1400
v 0.7581250 1.3993762 0.5314513
vt 0.4609479 0.5478263
v 0.7581250 1.4881237 0.5314513
vt 0.4609479 0.5409237
v 0.7737500 1.4906250 0.5468750
vt 0.4627708 0.5407292
v 0.7737500 1.3968750 0.5468750
vt 0.4627708 0.5480208
f 1401/1401 1402/1402 1403/1403 1404/1404
v 0.7425000 1.3968750 0.5468750
vt 0.4591250 0.5480208
v 0.7425000 1.4906250 0.5468750
vt 0.4591250 0.5407292
v 0.7581250 1.4881237 0.5314513
vt 0.4609479 0.5409237
v 0.7581250 1.3993762 0.5314513
vt 0.4609479 0.5478263
f 1405/1405 1406/1406 1407/1407 1408/1408
v 0.7581250 1.3943737 0.5622987
vt 0.4609479 0.5482154
v 0.7581250 1.4931262 0.5622987
vt 0.4609479 0.5405346
v 0.7425000 1.4906250 0.5468750
vt 0.4591250 0.5407292
v 0.7425000 1.3968750 0.5468750
vt 0.4591250 0.5480208
f 1409/1409 1410/1410 1411/1411 1412/1412
v 0.7737500 1.3968750 0.5468750
vt 0.4627708 0.5480208
v 0.7737500 1.4906250 0.5468750
vt 0.4627708 0.5407292
v 0.7581250 1.4931262 0.5622987
vt 0.4609479 0.5405346
v 0.7581250 1.3943737 0.5622987
vt 0.4609479 0.5482154
f 1413/1413 1414/1414 1415/1415 1416/1416
v 0.7737500 1.4906250 0.5468750
vt 0.4627708 0.6141319
v 0.7425000 1.5125000 0.5281250
vt 0.4591250 0.6155903
v 0.7581250 1.4975000 0.5237500
vt 0.4609479 0.6159306
v 0.7581250 1.4881237 0.5314513
vt 0.4609479 0.6153316
f 1417/1417 1418/1418 1419/1419 1420/1420
v 0.7581250 1.4881237 0.5314513
vt 0.4609479 0.5409237
v 0.7581250 1.5275000 0.5325000
vt 0.4609479 0.5378611
v 0.7425000 1.5125000 0.5281250
vt 0.4591250 0.5390278
v 0.7425000 1.4906250 0.5468750
vt 0.4591250 0.5407292
f 1421/1421 1422/1422 1423/1423 1424/1424
v 0.7425000 1.4906250 0.5468750
vt 0.4591250 0.5407292
v 0.7581250 1.5275000 0.5325000
vt 0.4609479 0.5378611
v 0.7737500 1.5125000 0.5281250
vt 0.4627708 0.5390278
v 0.7581250 1.4931262 0.5622987
vt 0.4609479 0.5405346
f 1425/1425 1426/1426 1427/1427 1428/1428
v 0.7581250 1.4931262 0.5622987
vt 0.4609479 0.6129323
v 0.7737500 1.5125000 0.5281250
vt 0.4627708 0.6155903
v 0.7581250 1.4975000 0.5237500
vt 0.4609479 0.6159306
v 0.7737500 1.4906250 0.5468750
vt 0.4627708 0.6141319
f 1429/1429 1430/1430 1431/1431 1432/1432
v 0.7425000 1.5125000 0.5281250
vt 0.4591250 0.6155903
v 0.7425000 1.5125000 0.4718750
vt 0.4591250 0.6199653
v 0.7581250 1.4975000 0.4762500
vt 0.4609479 0.6196250
v 0.7581250 1.4975000 0.5237500
vt 0.4609479 0.6159306
f 1433/1433 1434/1434 1435/1435 1436/1436
v 0.7581250 1.5275000 0.5325000
vt 0.4609479 0.6152500
v 0.7581250 1.5275000 0.4675000
vt 0.4609479 0.6203056
v 0.7425000 1.5125000 0.4718750
vt 0.4591250 0.6199653
v 0.7425000 1.5125000 0.5281250
vt 0.4591250 0.6155903
f 1437/1437 1438/1438 1439/1439 1440/1440
v 0.7737500 1.5125000 0.5281250
vt 0.4627708 0.6155903
v 0.7737500 1.5125000 0.4718750
vt 0.4627708 0.6199653
v 0.7581250 1.5275000 0.4675000
vt 0.4609479 0.6203056
v 0.7581250 1.5275000 0.5325000
vt 0.4609479 0.6152500
f 1441/1441 1442/1442 1443/1443 1444/1444
v 0.7581250 1.4975000 0.5237500
vt 0.4609479 0.6159306
v 0.7581250 1.4975000 0.4762500
vt 0.4609479 0.6196250
v 0.7737500 1.5125000 0.4718750
vt 0.4627708 0.6199653
v 0.7737500 1.5125000 0.5281250
vt 0.4627708 0.6155903
f 1445/1445 1446/1446 1447/1447 1448/1448
v 0.7581250 1.4975000 0.4762500
vt 0.4609479 0.6196250
v 0.7581250 1.4931262 0.4377012
vt 0.4609479 0.6226232
v 0.7425000 1.4906250 0.4531250
vt 0.4591250 0.6214236
v 0.7425000 1.5125000 0.4718750
vt 0.4591250 0.6199653
f 1449/1449 1450/1450 1451/1451 1452/1452
v 0.7425000 1.5125000 0.4718750
vt 0.4591250 0.6199653
v 0.7581250 1.4931262 0.4377012
vt 0.4609479 0.6226232
v 0.7737500 1.4906250 0.4531250
vt 0.4627708 0.6214236
v 0.7581250 1.5275000 0.4675000
vt 0.4609479 0.6203056
f 1453/1453 1454/1454 1455/1455 1456/1456
v 0.7581250 1.5275000 0.4675000
vt 0.4609479 0.5378611
v 0.7737500 1.4906250 0.4531250
vt 0.4627708 0.5407292
v 0.7581250 1.4881237 0.4685488
vt 0.4609479 0.5409237
v 0.7737500 1.5125000 0.4718750
vt 0.4627708 0.5390278
f 1457/1457 1458/1458 1459/1459 1460/1460
v 0.7737500 1.5125000 0.4718750
vt 0.4627708 0.5390278
v 0.7425000 1.4906250 0.4531250
vt 0.4591250 0.5407292
v 0.7581250 1.4881237 0.4685488
vt 0.4609479 0.5409237
v 0.7581250 1.4975000 0.4762500
vt 0.4609479 0.5401944
f 1461/1461 1462/1462 1463/1463 1464/1464
v 0.7581250 1.4931262 0.4377012
vt 0.4235652 0.5405346
v 0.7581250 1.3968750 0.4375000
vt 0.4235417 0.5480208
v 0.7425000 1.3968750 0.4531250
vt 0.4253646 0.5480208
v 0.7425000 1.4906250 0.4531250
vt 0.4253646 0.5407292
f 1465/1465 1466/1466 1467/1467 1468/1468
v 0.7737500 1.4906250 0.4531250
vt 0.4253646 0.5407292
v 0.7737500 1.3968750 0.4531250
vt 0.4253646 0.5480208
v 0.7581250 1.3968750 0.4375000
vt 0.4235417 0.5480208
v 0.7581250 1.4931262 0.4377012
vt 0.4235652 0.5405346
f 1469/1469 1470/1470 1471/1471 1472/1472
v 0.7581250 1.4881237 0.4685488
vt 0.4271640 0.5409237
v 0.7581250 1.3968750 0.4687500
vt 0.4271875 0.5480208
v 0.7737500 1.3968750 0.4531250
vt 0.4253646 0.5480208
v 0.7737500 1.4906250 0.4531250
vt 0.4253646 0.5407292
f 1473/1473 1474/1474 1475/1475 1476/1476
v 0.7425000 1.4906250 0.4531250
vt 0.4253646 0.5407292
v 0.7425000 1.3968750 0.4531250
vt 0.4253646 0.5480208
v 0.7581250 1.3968750 0.4687500
vt 0.4271875 0.5480208
v 0.7581250 1.4881237 0.4685488
vt 0.4271640 0.5409237
f 1477/1477 1478/1478 1479/1479 1480/1480
v 0.7581250 1.3867063 0.4412619
vt 0.4609479 0.6223463
v 0.7425000 1.3968750 0.4531250
vt 0.4591250 0.6214236
v 0.7581250 1.3968750 0.4531250
vt 0.4609479 0.6214236
f 1481/1481 1482/1482 1483/1483
v 0.7737500 1.3968750 0.4531250
vt 0.4627708 0.6214236
v 0.7581250 1.3867063 0.4412619
vt 0.4609479 0.6223463
v 0.7581250 1.3968750 0.4531250
vt 0.4609479 0.6214236
f 1484/1484 1485/1485 1486/1486
v 0.7581250 1.4070437 0.4649881
vt 0.4609479 0.6205009
v 0.7737500 1.3968750 0.4531250
vt 0.4627708 0.6214236
v 0.7581250 1.3968750 0.4531250
vt 0.4609479 0.6214236
f 1487/1487 1488/1488 1489/1489
v 0.7425000 1.3968750 0.4531250
vt 0.4591250 0.6214236
v 0.7581250 1.4070437 0.4649881
vt 0.4609479 0.6205009
v 0.7581250 1.3968750 0.4531250
vt 0.4609479 0.6214236
f 1490/1490 1491/1491 1492/1492
v 0.7581250 1.3968750 0.4531250
vt 0.4609479 0.6214236
v 0.7425000 1.3968750 0.4531250
vt 0.4591250 0.6214236
v 0.7581250 1.3968750 0.4375000
vt 0.4609479 0.6226389
f 1493/1493 1494/1494 1495/1495
v 0.7581250 1.3968750 0.4531250
vt 0.4609479 0.6214236
v 0.7581250 1.3968750 0.4375000
vt 0.4609479 0.6226389
v 0.7737500 1.3968750 0.4531250
vt 0.4627708 0.6214236
f 1496/1496 1497/1497 1498/1498
v 0.7581250 1.3968750 0.4531250
vt 0.4609479 0.6214236
v 0.7737500 1.3968750 0.4531250
vt 0.4627708 0.6214236
v 0.7581250 1.3968750 0.4687500
vt 0.4609479 0.6202083
f 1499/1499 1500/1500 1501/1501
v 0.7581250 1.3968750 0.4531250
vt 0.4609479 0.6214236
v 0.7581250 1.3968750 0.4687500
vt 0.4609479 0.6202083
v 0.7425000 1.3968750 0.4531250
vt 0.4591250 0.6214236
f 1502/1502 1503/1503 1504/1504
o hinge_rivet_1_7.4
usemtl steel
v 0.7343750 1.5406250 0.4468750
vt 0.9581771 0.7868403
v 0.7618750 1.5406250 0.4468750
vt 0.9613854 0.7868403
v 0.7618750 1.5031250 0.4468750
vt 0.9613854 0.7897569
v 0.7343750 1.5031250 0.4468750
vt 0.9581771 0.7897569
f 1505/1505 1506/1506 1507/1507 1508/1508
v 0.7618750 1.5406250 0.4781250
vt 0.9613854 0.7868403
v 0.7343750 1.5406250 0.4781250
vt 0.9581771 0.7868403
v 0.7343750 1.5031250 0.4781250
vt 0.9581771 0.7897569
v 0.7618750 1.5031250 0.4781250
vt 0.9613854 0.7897569
f 1509/1509 1510/1510 1511/1511 1512/1512
v 0.7343750 1.5406250 0.4781250
vt 0.9282813 0.7868403
v 0.7343750 1.5406250 0.4468750
vt 0.9246354 0.7868403
v 0.7343750 1.5031250 0.4468750
vt 0.9246354 0.7897569
v 0.7343750 1.5031250 0.4781250
vt 0.9282813 0.7897569
f 1513/1513 1514/1514 1515/1515 1516/1516
v 0.7618750 1.5406250 0.4468750
vt 0.9246354 0.7868403
v 0.7618750 1.5406250 0.4781250
vt 0.9282813 0.7868403
v 0.7618750 1.5031250 0.4781250
vt 0.9282813 0.7897569
v 0.7618750 1.5031250 0.4468750
vt 0.9246354 0.7897569
f 1517/1517 1518/1518 1519/1519 1520/1520
v 0.7618750 1.5031250 0.4468750
vt 0.9613854 0.8719097
v 0.7618750 1.5031250 0.4781250
vt 0.9613854 0.8694792
v 0.7343750 1.5031250 0.4781250
vt 0.9581771 0.8694792
v 0.7343750 1.5031250 0.4468750
vt 0.9581771 0.8719097
f 1521/1521 1522/1522 1523/1523 1524/1524
v 0.7618750 1.5406250 0.4781250
vt 0.9613854 0.8694792
v 0.7618750 1.5406250 0.4468750
vt 0.9613854 0.8719097
v 0.7343750 1.5406250 0.4468750
vt 0.9581771 0.8719097
v 0.7343750 1.5406250 0.4781250
vt 0.9581771 0.8694792
f 1525/1525 1526/1526 1527/1527 1528/1528
o hinge_rivet_1_8.6
usemtl steel
v 0.7343750 1.5406250 0.5218750
vt 0.9581771 0.7868403
v 0.7618750 1.5406250 0.5218750
vt 0.9613854 0.7868403
v 0.7618750 1.5031250 0.5218750
vt 0.9613854 0.7897569
v 0.7343750 1.5031250 0.5218750
vt 0.9581771 0.7897569
f 1529/1529 1530/1530 1531/1531 1532/1532
v 0.7618750 1.5406250 0.5531250
vt 0.9613854 0.7868403
v 0.7343750 1.5406250 0.5531250
vt 0.9581771 0.7868403
v 0.7343750 1.5031250 0.5531250
vt 0.9581771 0.7897569
v 0.7618750 1.5031250 0.5531250
vt 0.9613854 0.7897569
f 1533/1533 1534/1534 1535/1535 1536/1536
v 0.7343750 1.5406250 0.5531250
vt 0.9370313 0.7868403
v 0.7343750 1.5406250 0.5218750
vt 0.9333854 0.7868403
v 0.7343750 1.5031250 0.5218750
vt 0.9333854 0.7897569
v 0.7343750 1.5031250 0.5531250
vt 0.9370313 0.7897569
f 1537/1537 1538/1538 1539/1539 1540/1540
v 0.7618750 1.5406250 0.5218750
vt 0.9333854 0.7868403
v 0.7618750 1.5406250 0.5531250
vt 0.9370313 0.7868403
v 0.7618750 1.5031250 0.5531250
vt 0.9370313 0.7897569
v 0.7618750 1.5031250 0.5218750
vt 0.9333854 0.7897569
f 1541/1541 1542/1542 1543/1543 1544/1544
v 0.7618750 1.5031250 0.5218750
vt 0.9613854 0.8660764
v 0.7618750 1.5031250 0.5531250
vt 0.9613854 0.8636458
v 0.7343750 1.5031250 0.5531250
vt 0.9581771 0.8636458
v 0.7343750 1.5031250 0.5218750
vt 0.9581771 0.8660764
f 1545/1545 1546/1546 1547/1547 1548/1548
v 0.7618750 1.5406250 0.5531250
vt 0.9613854 0.8636458
v 0.7618750 1.5406250 0.5218750
vt 0.9613854 0.8660764
v 0.7343750 1.5406250 0.5218750
vt 0.9581771 0.8660764
v 0.7343750 1.5406250 0.5531250
vt 0.9581771 0.8636458
f 1549/1549 1550/1550 1551/1551 1552/1552
o EM_overflow_0
usemtl glow
v 0.4202931 1.6577881 0.2828725
vt 0.1555018 0.2777276
v 0.4014500 1.5989712 0.2517469
vt 0.1518704 0.2823022
v 0.3919881 1.5970662 0.2687500
vt 0.1538542 0.2824504
v 0.4133625 1.6537237 0.2937500
vt 0.1567708 0.2780437
f 1553/1553 1554/1554 1555/1555 1556/1556
v 0.4373775 1.6588775 0.2761494
vt 0.1735274 0.2776428
v 0.4258756 1.5988825 0.2412381
vt 0.1721855 0.2823091
v 0.4014500 1.5989712 0.2517469
vt 0.1693358 0.2823022
v 0.4202931 1.6577881 0.2828725
vt 0.1715342 0.2777276
f 1557/1557 1558/1558 1559/1559 1560/1560
v 0.4580894 1.6565763 0.2761494
vt 0.1759438 0.2778218
v 0.4559350 1.5968331 0.2412381
vt 0.1756924 0.2824685
v 0.4258756 1.5988825 0.2412381
vt 0.1721855 0.2823091
v 0.4373775 1.6588775 0.2761494
vt 0.1735274 0.2776428
f 1561/1561 1562/1562 1563/1563 1564/1564
v 0.4745181 1.6517631 0.2828725
vt 0.1778604 0.2781962
v 0.4801462 1.5936056 0.2517469
vt 0.1785171 0.2827195
v 0.4559350 1.5968331 0.2412381
vt 0.1756924 0.2824685
v 0.4580894 1.6565763 0.2761494
vt 0.1759438 0.2778218
f 1565/1565 1566/1566 1567/1567 1568/1568
v 0.4803875 1.6462763 0.2937500
vt 0.1567708 0.2786230
v 0.4892619 1.5904338 0.2687500
vt 0.1538542 0.2829663
v 0.4801462 1.5936056 0.2517469
vt 0.1518704 0.2827195
v 0.4745181 1.6517631 0.2828725
vt 0.1555018 0.2781962
f 1569/1569 1570/1570 1571/1571 1572/1572
v 0.4734569 1.6422119 0.3046275
vt 0.1580399 0.2789391
v 0.4798000 1.5885288 0.2857531
vt 0.1558379 0.2831144
v 0.4892619 1.5904338 0.2687500
vt 0.1538542 0.2829663
v 0.4803875 1.6462763 0.2937500
vt 0.1567708 0.2786230
f 1573/1573 1574/1574 1575/1575 1576/1576
v 0.4563725 1.6411225 0.3113506
vt 0.1757434 0.2790238
v 0.4553744 1.5886175 0.2962619
vt 0.1756270 0.2831075
v 0.4798000 1.5885288 0.2857531
vt 0.1784767 0.2831144
v 0.4734569 1.6422119 0.3046275
vt 0.1777366 0.2789391
f 1577/1577 1578/1578 1579/1579 1580/1580
v 0.4356606 1.6434237 0.3113506
vt 0.1733271 0.2788448
v 0.4253150 1.5906669 0.2962619
vt 0.1721201 0.2829481
v 0.4553744 1.5886175 0.2962619
vt 0.1756270 0.2831075
v 0.4563725 1.6411225 0.3113506
vt 0.1757434 0.2790238
f 1581/1581 1582/1582 1583/1583 1584/1584
v 0.4192319 1.6482369 0.3046275
vt 0.1714104 0.2784705
v 0.4011037 1.5938944 0.2857531
vt 0.1692954 0.2826971
v 0.4253150 1.5906669 0.2962619
vt 0.1721201 0.2829481
v 0.4356606 1.6434237 0.3113506
vt 0.1733271 0.2788448
f 1585/1585 1586/1586 1587/1587 1588/1588
v 0.4133625 1.6537237 0.2937500
vt 0.1567708 0.2780437
v 0.3919881 1.5970662 0.2687500
vt 0.1538542 0.2824504
v 0.4011037 1.5938944 0.2857531
vt 0.1558379 0.2826971
v 0.4192319 1.6482369 0.3046275
vt 0.1580399 0.2784705
f 1589/1589 1590/1590 1591/1591 1592/1592
v 0.4014500 1.5989712 0.2517469
vt 0.1518704 0.2823022
v 0.4102550 1.5139137 0.2612388
vt 0.1529779 0.2889178
v 0.4038062 1.5137956 0.2731250
vt 0.1543646 0.2889270
v 0.3919881 1.5970662 0.2687500
vt 0.1538542 0.2824504
f 1593/1593 1594/1594 1595/1595 1596/1596
v 0.4258756 1.5988825 0.2412381
vt 0.1721855 0.2823091
v 0.4271106 1.5134912 0.2538931
vt 0.1723296 0.2889507
v 0.4102550 1.5139137 0.2612388
vt 0.1703631 0.2889178
v 0.4014500 1.5989712 0.2517469
vt 0.1693358 0.2823022
f 1597/1597 1598/1598 1599/1599 1600/1600
v 0.4559350 1.5968331 0.2412381
vt 0.1756924 0.2824685
v 0.4479350 1.5126906 0.2538931
vt 0.1747591 0.2890130
v 0.4271106 1.5134912 0.2538931
vt 0.1723296 0.2889507
v 0.4258756 1.5988825 0.2412381
vt 0.1721855 0.2823091
f 1601/1601 1602/1602 1603/1603 1604/1604
v 0.4801462 1.5936056 0.2517469
vt 0.1785171 0.2827195
v 0.4647731 1.5118169 0.2612388
vt 0.1767235 0.2890809
v 0.4479350 1.5126906 0.2538931
vt 0.1747591 0.2890130
v 0.4559350 1.5968331 0.2412381
vt 0.1756924 0.2824685
f 1605/1605 1606/1606 1607/1607 1608/1608
v 0.4892619 1.5904338 0.2687500
vt 0.1538542 0.2829663
v 0.4711938 1.5112044 0.2731250
vt 0.1543646 0.2891286
v 0.4647731 1.5118169 0.2612388
vt 0.1529779 0.2890809
v 0.4801462 1.5936056 0.2517469
vt 0.1518704 0.2827195
f 1609/1609 1610/1610 1611/1611 1612/1612
v 0.4798000 1.5885288 0.2857531
vt 0.1558379 0.2831144
v 0.4647450 1.5110862 0.2850112
vt 0.1557513 0.2891377
v 0.4711938 1.5112044 0.2731250
vt 0.1543646 0.2891286
v 0.4892619 1.5904338 0.2687500
vt 0.1538542 0.2829663
f 1613/1613 1614/1614 1615/1615 1616/1616
v 0.4553744 1.5886175 0.2962619
vt 0.1756270 0.2831075
v 0.4478894 1.5115087 0.2923569
vt 0.1747537 0.2891049
v 0.4647450 1.5110862 0.2850112
vt 0.1767202 0.2891377
v 0.4798000 1.5885288 0.2857531
vt 0.1784767 0.2831144
f 1617/1617 1618/1618 1619/1619 1620/1620
v 0.4253150 1.5906669 0.2962619
vt 0.1721201 0.2829481
v 0.4270650 1.5123094 0.2923569
vt 0.1723243 0.2890426
v 0.4478894 1.5115087 0.2923569
vt 0.1747537 0.2891049
v 0.4553744 1.5886175 0.2962619
vt 0.1756270 0.2831075
f 1621/1621 1622/1622 1623/1623 1624/1624
v 0.4011037 1.5938944 0.2857531
vt 0.1692954 0.2826971
v 0.4102269 1.5131831 0.2850112
vt 0.1703598 0.2889746
v 0.4270650 1.5123094 0.2923569
vt 0.1723243 0.2890426
v 0.4253150 1.5906669 0.2962619
vt 0.1721201 0.2829481
f 1625/1625 1626/1626 1627/1627 1628/1628
v 0.3919881 1.5970662 0.2687500
vt 0.1538542 0.2824504
v 0.4038062 1.5137956 0.2731250
vt 0.1543646 0.2889270
v 0.4102269 1.5131831 0.2850112
vt 0.1557513 0.2889746
v 0.4011037 1.5938944 0.2857531
vt 0.1558379 0.2826971
f 1629/1629 1630/1630 1631/1631 1632/1632
v 0.4102550 1.5139137 0.2612388
vt 0.1529779 0.2889178
v 0.4071100 1.4302119 0.2518712
vt 0.1518850 0.2954280
v 0.4006619 1.4306481 0.2637500
vt 0.1532708 0.2953940
v 0.4038062 1.5137956 0.2731250
vt 0.1543646 0.2889270
f 1633/1633 1634/1634 1635/1635 1636/1636
v 0.4271106 1.5134912 0.2538931
vt 0.1723296 0.2889507
v 0.4239731 1.4301719 0.2445294
vt 0.1719635 0.2954311
v 0.4071100 1.4302119 0.2518712
vt 0.1699962 0.2954280
v 0.4102550 1.5139137 0.2612388
vt 0.1703631 0.2889178
f 1637/1637 1638/1638 1639/1639 1640/1640
v 0.4479350 1.5126906 0.2538931
vt 0.1747591 0.2890130
v 0.4448087 1.4305438 0.2445294
vt 0.1743944 0.2954021
v 0.4239731 1.4301719 0.2445294
vt 0.1719635 0.2954311
v 0.4271106 1.5134912 0.2538931
vt 0.1723296 0.2889507
f 1641/1641 1642/1642 1643/1643 1644/1644
v 0.4647731 1.5118169 0.2612388
vt 0.1767235 0.2890809
v 0.4616594 1.4311856 0.2518712
vt 0.1763603 0.2953522
v 0.4448087 1.4305438 0.2445294
vt 0.1743944 0.2954021
v 0.4479350 1.5126906 0.2538931
vt 0.1747591 0.2890130
f 1645/1645 1646/1646 1647/1647 1648/1648
v 0.4711938 1.5112044 0.2731250
vt 0.1543646 0.2891286
v 0.4680881 1.4318519 0.2637500
vt 0.1532708 0.2953004
v 0.4616594 1.4311856 0.2518712
vt 0.1518850 0.2953522
v 0.4647731 1.5118169 0.2612388
vt 0.1529779 0.2890809
f 1649/1649 1650/1650 1651/1651 1652/1652
v 0.4647450 1.5110862 0.2850112
vt 0.1557513 0.2891377
v 0.4616400 1.4322881 0.2756287
vt 0.1546567 0.2952665
v 0.4680881 1.4318519 0.2637500
vt 0.1532708 0.2953004
v 0.4711938 1.5112044 0.2731250
vt 0.1543646 0.2891286
f 1653/1653 1654/1654 1655/1655 1656/1656
v 0.4478894 1.5115087 0.2923569
vt 0.1747537 0.2891049
v 0.4447769 1.4323281 0.2829706
vt 0.1743907 0.2952634
v 0.4616400 1.4322881 0.2756287
vt 0.1763580 0.2952665
v 0.4647450 1.5110862 0.2850112
vt 0.1767202 0.2891377
f 1657/1657 1658/1658 1659/1659 1660/1660
v 0.4270650 1.5123094 0.2923569
vt 0.1723243 0.2890426
v 0.4239412 1.4319563 0.2829706
vt 0.1719598 0.2952923
v 0.4447769 1.4323281 0.2829706
vt 0.1743907 0.2952634
v 0.4478894 1.5115087 0.2923569
vt 0.1747537 0.2891049
f 1661/1661 1662/1662 1663/1663 1664/1664
v 0.4102269 1.5131831 0.2850112
vt 0.1703598 0.2889746
v 0.4070906 1.4313144 0.2756287
vt 0.1699939 0.2953422
v 0.4239412 1.4319563 0.2829706
vt 0.1719598 0.2952923
v 0.4270650 1.5123094 0.2923569
vt 0.1723243 0.2890426
f 1665/1665 1666/1666 1667/1667 1668/1668
v 0.4038062 1.5137956 0.2731250
vt 0.1543646 0.2889270
v 0.4006619 1.4306481 0.2637500
vt 0.1532708 0.2953940
v 0.4070906 1.4313144 0.2756287
vt 0.1546567 0.2953422
v 0.4102269 1.5131831 0.2850112
vt 0.1557513 0.2889746
f 1669/1669 1670/1670 1671/1671 1672/1672
v 0.4071100 1.4302119 0.2518712
vt 0.1518850 0.2954280
v 0.3967350 1.3299756 0.2622813
vt 0.1530995 0.3032241
v 0.3859781 1.3328550 0.2812500
vt 0.1553125 0.3030002
v 0.4006619 1.4306481 0.2637500
vt 0.1532708 0.2953940
f 1673/1673 1674/1674 1675/1675 1676/1676
v 0.4239731 1.4301719 0.2445294
vt 0.1719635 0.2954311
v 0.4242563 1.3299700 0.2505575
vt 0.1719966 0.3032245
v 0.3967350 1.3299756 0.2622813
vt 0.1687858 0.3032241
v 0.4071100 1.4302119 0.2518712
vt 0.1699962 0.2954280
f 1677/1677 1678/1678 1679/1679 1680/1680
v 0.4448087 1.4305438 0.2445294
vt 0.1743944 0.2954021
v 0.4580300 1.3328412 0.2505575
vt 0.1759368 0.3030013
v 0.4242563 1.3299700 0.2505575
vt 0.1719966 0.3032245
v 0.4239731 1.4301719 0.2445294
vt 0.1719635 0.2954311
f 1681/1681 1682/1682 1683/1683 1684/1684
v 0.4616594 1.4311856 0.2518712
vt 0.1763603 0.2953522
v 0.4851550 1.3374913 0.2622813
vt 0.1791014 0.3026396
v 0.4580300 1.3328412 0.2505575
vt 0.1759368 0.3030013
v 0.4448087 1.4305438 0.2445294
vt 0.1743944 0.2954021
f 1685/1685 1686/1686 1687/1687 1688/1688
v 0.4680881 1.4318519 0.2637500
vt 0.1532708 0.2953004
v 0.4952719 1.3421450 0.2812500
vt 0.1553125 0.3022776
v 0.4851550 1.3374913 0.2622813
vt 0.1530995 0.3026396
v 0.4616594 1.4311856 0.2518712
vt 0.1518850 0.2953522
f 1689/1689 1690/1690 1691/1691 1692/1692
v 0.4616400 1.4322881 0.2756287
vt 0.1546567 0.2952665
v 0.4845150 1.3450244 0.3002187
vt 0.1575255 0.3020537
v 0.4952719 1.3421450 0.2812500
vt 0.1553125 0.3022776
v 0.4680881 1.4318519 0.2637500
vt 0.1532708 0.2953004
f 1693/1693 1694/1694 1695/1695 1696/1696
v 0.4447769 1.4323281 0.2829706
vt 0.1743907 0.2952634
v 0.4569937 1.3450300 0.3119425
vt 0.1758159 0.3020532
v 0.4845150 1.3450244 0.3002187
vt 0.1790267 0.3020537
v 0.4616400 1.4322881 0.2756287
vt 0.1763580 0.2952665
f 1697/1697 1698/1698 1699/1699 1700/1700
v 0.4239412 1.4319563 0.2829706
vt 0.1719598 0.2952923
v 0.4232200 1.3421588 0.3119425
vt 0.1718757 0.3022765
v 0.4569937 1.3450300 0.3119425
vt 0.1758159 0.3020532
v 0.4447769 1.4323281 0.2829706
vt 0.1743907 0.2952634
f 1701/1701 1702/1702 1703/1703 1704/1704
v 0.4070906 1.4313144 0.2756287
vt 0.1699939 0.2953422
v 0.3960950 1.3375088 0.3002187
vt 0.1687111 0.3026382
v 0.4232200 1.3421588 0.3119425
vt 0.1718757 0.3022765
v 0.4239412 1.4319563 0.2829706
vt 0.1719598 0.2952923
f 1705/1705 1706/1706 1707/1707 1708/1708
v 0.4006619 1.4306481 0.2637500
vt 0.1532708 0.2953940
v 0.3859781 1.3328550 0.2812500
vt 0.1553125 0.3030002
v 0.3960950 1.3375088 0.3002187
vt 0.1575255 0.3026382
v 0.4070906 1.4313144 0.2756287
vt 0.1546567 0.2953422
f 1709/1709 1710/1710 1711/1711 1712/1712
v 0.3967350 1.3299756 0.2622813
vt 0.1687858 0.3862670
v 0.4361138 1.3040794 0.2848900
vt 0.1733799 0.3845086
v 0.4338588 1.3046900 0.2887500
vt 0.1731168 0.3842083
v 0.3859781 1.3328550 0.2812500
vt 0.1675308 0.3847917
f 1713/1713 1714/1714 1715/1715 1716/1716
v 0.4242563 1.3299700 0.2505575
vt 0.1719966 0.3871788
v 0.4417631 1.3042981 0.2825044
vt 0.1740390 0.3846941
v 0.4361138 1.3040794 0.2848900
vt 0.1733799 0.3845086
v 0.3967350 1.3299756 0.2622813
vt 0.1687858 0.3862670
f 1717/1717 1718/1718 1719/1719 1720/1720
v 0.4580300 1.3328412 0.2505575
vt 0.1759368 0.3871788
v 0.4486487 1.3052619 0.2825044
vt 0.1748423 0.3846941
v 0.4417631 1.3042981 0.2825044
vt 0.1740390 0.3846941
v 0.4242563 1.3299700 0.2505575
vt 0.1719966 0.3871788
f 1721/1721 1722/1722 1723/1723 1724/1724
v 0.4851550 1.3374913 0.2622813
vt 0.1791014 0.3862670
v 0.4541406 1.3066031 0.2848900
vt 0.1754831 0.3845086
v 0.4486487 1.3052619 0.2825044
vt 0.1748423 0.3846941
v 0.4580300 1.3328412 0.2505575
vt 0.1759368 0.3871788
f 1725/1725 1726/1726 1727/1727 1728/1728
v 0.4952719 1.3421450 0.2812500
vt 0.1802817 0.3847917
v 0.4561412 1.3078100 0.2887500
vt 0.1757165 0.3842083
v 0.4541406 1.3066031 0.2848900
vt 0.1754831 0.3845086
v 0.4851550 1.3374913 0.2622813
vt 0.1791014 0.3862670
f 1729/1729 1730/1730 1731/1731 1732/1732
v 0.4845150 1.3450244 0.3002187
vt 0.1575255 0.3020537
v 0.4538862 1.3084206 0.2926100
vt 0.1566378 0.3049006
v 0.4561412 1.3078100 0.2887500
vt 0.1561875 0.3049481
v 0.4952719 1.3421450 0.2812500
vt 0.1553125 0.3022776
f 1733/1733 1734/1734 1735/1735 1736/1736
v 0.4569937 1.3450300 0.3119425
vt 0.1758159 0.3020532
v 0.4482369 1.3082019 0.2949956
vt 0.1747943 0.3049176
v 0.4538862 1.3084206 0.2926100
vt 0.1754534 0.3049006
v 0.4845150 1.3450244 0.3002187
vt 0.1790267 0.3020537
f 1737/1737 1738/1738 1739/1739 1740/1740
v 0.4232200 1.3421588 0.3119425
vt 0.1718757 0.3022765
v 0.4413512 1.3072381 0.2949956
vt 0.1739910 0.3049926
v 0.4482369 1.3082019 0.2949956
vt 0.1747943 0.3049176
v 0.4569937 1.3450300 0.3119425
vt 0.1758159 0.3020532
f 1741/1741 1742/1742 1743/1743 1744/1744
v 0.3960950 1.3375088 0.3002187
vt 0.1687111 0.3026382
v 0.4358594 1.3058969 0.2926100
vt 0.1733502 0.3050969
v 0.4413512 1.3072381 0.2949956
vt 0.1739910 0.3049926
v 0.4232200 1.3421588 0.3119425
vt 0.1718757 0.3022765
f 1745/1745 1746/1746 1747/1747 1748/1748
v 0.3859781 1.3328550 0.2812500
vt 0.1675308 0.3847917
v 0.4338588 1.3046900 0.2887500
vt 0.1731168 0.3842083
v 0.4358594 1.3058969 0.2926100
vt 0.1733502 0.3839081
v 0.3960950 1.3375088 0.3002187
vt 0.1687111 0.3833163
f 1749/1749 1750/1750 1751/1751 1752/1752
v 0.4202931 1.6577881 0.2828725
vt 0.1715342 0.3846655
v 0.4133625 1.6537237 0.2937500
vt 0.1707256 0.3838194
v 0.4468750 1.6500000 0.2937500
vt 0.1746354 0.3838194
f 1753/1753 1754/1754 1755/1755
v 0.4373775 1.6588775 0.2761494
vt 0.1735274 0.3851884
v 0.4202931 1.6577881 0.2828725
vt 0.1715342 0.3846655
v 0.4468750 1.6500000 0.2937500
vt 0.1746354 0.3838194
f 1756/1756 1757/1757 1758/1758
v 0.4580894 1.6565763 0.2761494
vt 0.1759438 0.3851884
v 0.4373775 1.6588775 0.2761494
vt 0.1735274 0.3851884
v 0.4468750 1.6500000 0.2937500
vt 0.1746354 0.3838194
f 1759/1759 1760/1760 1761/1761
v 0.4745181 1.6517631 0.2828725
vt 0.1778604 0.3846655
v 0.4580894 1.6565763 0.2761494
vt 0.1759438 0.3851884
v 0.4468750 1.6500000 0.2937500
vt 0.1746354 0.3838194
f 1762/1762 1763/1763 1764/1764
v 0.4803875 1.6462763 0.2937500
vt 0.1785452 0.3838194
v 0.4745181 1.6517631 0.2828725
vt 0.1778604 0.3846655
v 0.4468750 1.6500000 0.2937500
vt 0.1746354 0.3838194
f 1765/1765 1766/1766 1767/1767
v 0.4734569 1.6422119 0.3046275
vt 0.1777366 0.3829734
v 0.4803875 1.6462763 0.2937500
vt 0.1785452 0.3838194
v 0.4468750 1.6500000 0.2937500
vt 0.1746354 0.3838194
f 1768/1768 1769/1769 1770/1770
v 0.4563725 1.6411225 0.3113506
vt 0.1757434 0.3824505
v 0.4734569 1.6422119 0.3046275
vt 0.1777366 0.3829734
v 0.4468750 1.6500000 0.2937500
vt 0.1746354 0.3838194
f 1771/1771 1772/1772 1773/1773
v 0.4356606 1.6434237 0.3113506
vt 0.1733271 0.3824505
v 0.4563725 1.6411225 0.3113506
vt 0.1757434 0.3824505
v 0.4468750 1.6500000 0.2937500
vt 0.1746354 0.3838194
f 1774/1774 1775/1775 1776/1776
v 0.4192319 1.6482369 0.3046275
vt 0.1714104 0.3829734
v 0.4356606 1.6434237 0.3113506
vt 0.1733271 0.3824505
v 0.4468750 1.6500000 0.2937500
vt 0.1746354 0.3838194
f 1777/1777 1778/1778 1779/1779
v 0.4133625 1.6537237 0.2937500
vt 0.1707256 0.3838194
v 0.4192319 1.6482369 0.3046275
vt 0.1714104 0.3829734
v 0.4468750 1.6500000 0.2937500
vt 0.1746354 0.3838194
f 1780/1780 1781/1781 1782/1782
v 0.4450000 1.3062500 0.2887500
vt 0.1744167 0.3842083
v 0.4338588 1.3046900 0.2887500
vt 0.1731168 0.3842083
v 0.4361138 1.3040794 0.2848900
vt 0.1733799 0.3845086
f 1783/1783 1784/1784 1785/1785
v 0.4450000 1.3062500 0.2887500
vt 0.1744167 0.3842083
v 0.4361138 1.3040794 0.2848900
vt 0.1733799 0.3845086
v 0.4417631 1.3042981 0.2825044
vt 0.1740390 0.3846941
f 1786/1786 1787/1787 1788/1788
v 0.4450000 1.3062500 0.2887500
vt 0.1744167 0.3842083
v 0.4417631 1.3042981 0.2825044
vt 0.1740390 0.3846941
v 0.4486487 1.3052619 0.2825044
vt 0.1748423 0.3846941
f 1789/1789 1790/1790 1791/1791
v 0.4450000 1.3062500 0.2887500
vt 0.1744167 0.3842083
v 0.4486487 1.3052619 0.2825044
vt 0.1748423 0.3846941
v 0.4541406 1.3066031 0.2848900
vt 0.1754831 0.3845086
f 1792/1792 1793/1793 1794/1794
v 0.4450000 1.3062500 0.2887500
vt 0.1744167 0.3842083
v 0.4541406 1.3066031 0.2848900
vt 0.1754831 0.3845086
v 0.4561412 1.3078100 0.2887500
vt 0.1757165 0.3842083
f 1795/1795 1796/1796 1797/1797
v 0.4450000 1.3062500 0.2887500
vt 0.1744167 0.3842083
v 0.4561412 1.3078100 0.2887500
vt 0.1757165 0.3842083
v 0.4538862 1.3084206 0.2926100
vt 0.1754534 0.3839081
f 1798/1798 1799/1799 1800/1800
v 0.4450000 1.3062500 0.2887500
vt 0.1744167 0.3842083
v 0.4538862 1.3084206 0.2926100
vt 0.1754534 0.3839081
v 0.4482369 1.3082019 0.2949956
vt 0.1747943 0.3837226
f 1801/1801 1802/1802 1803/1803
v 0.4450000 1.3062500 0.2887500
vt 0.1744167 0.3842083
v 0.4482369 1.3082019 0.2949956
vt 0.1747943 0.3837226
v 0.4413512 1.3072381 0.2949956
vt 0.1739910 0.3837226
f 1804/1804 1805/1805 1806/1806
v 0.4450000 1.3062500 0.2887500
vt 0.1744167 0.3842083
v 0.4413512 1.3072381 0.2949956
vt 0.1739910 0.3837226
v 0.4358594 1.3058969 0.2926100
vt 0.1733502 0.3839081
f 1807/1807 1808/1808 1809/1809
v 0.4450000 1.3062500 0.2887500
vt 0.1744167 0.3842083
v 0.4358594 1.3058969 0.2926100
vt 0.1733502 0.3839081
v 0.4338588 1.3046900 0.2887500
vt 0.1731168 0.3842083
f 1810/1810 1811/1811 1812/1812
o EM_rounded_overflow_end_0
usemtl glow
v 0.4421875 1.2765625 0.2768750
vt 0.0150000 0.4800000
v 0.4678438 1.2836381 0.2768750
vt 0.0150000 0.4450000
v 0.4626456 1.2836381 0.2828450
vt 0.0370000 0.4450000
v 0.4418894 1.2765625 0.2777931
vt 0.0370000 0.4800000
f 1813/1813 1814/1814 1815/1815 1816/1816
v 0.4418894 1.2765625 0.2777931
vt 0.0370000 0.4800000
v 0.4626456 1.2836381 0.2828450
vt 0.0370000 0.4450000
v 0.4490363 1.2836381 0.2865344
vt 0.0590000 0.4450000
v 0.4411081 1.2765625 0.2783613
vt 0.0590000 0.4800000
f 1817/1817 1818/1818 1819/1819 1820/1820
v 0.4411081 1.2765625 0.2783613
vt 0.0590000 0.4800000
v 0.4490363 1.2836381 0.2865344
vt 0.0590000 0.4450000
v 0.4322138 1.2836381 0.2865344
vt 0.0810000 0.4450000
v 0.4401419 1.2765625 0.2783613
vt 0.0810000 0.4800000
f 1821/1821 1822/1822 1823/1823 1824/1824
v 0.4401419 1.2765625 0.2783613
vt 0.0810000 0.4800000
v 0.4322138 1.2836381 0.2865344
vt 0.0810000 0.4450000
v 0.4186044 1.2836381 0.2828450
vt 0.1030000 0.4450000
v 0.4393606 1.2765625 0.2777931
vt 0.1030000 0.4800000
f 1825/1825 1826/1826 1827/1827 1828/1828
v 0.4393606 1.2765625 0.2777931
vt 0.1030000 0.4800000
v 0.4186044 1.2836381 0.2828450
vt 0.1030000 0.4450000
v 0.4134062 1.2836381 0.2768750
vt 0.1250000 0.4450000
v 0.4390625 1.2765625 0.2768750
vt 0.1250000 0.4800000
f 1829/1829 1830/1830 1831/1831 1832/1832
v 0.4390625 1.2765625 0.2768750
vt 0.1250000 0.4800000
v 0.4134062 1.2836381 0.2768750
vt 0.1250000 0.4450000
v 0.4186044 1.2836381 0.2709050
vt 0.1470000 0.4450000
v 0.4393606 1.2765625 0.2759569
vt 0.1470000 0.4800000
f 1833/1833 1834/1834 1835/1835 1836/1836
v 0.4393606 1.2765625 0.2759569
vt 0.1470000 0.4800000
v 0.4186044 1.2836381 0.2709050
vt 0.1470000 0.4450000
v 0.4322138 1.2836381 0.2672156
vt 0.1690000 0.4450000
v 0.4401419 1.2765625 0.2753888
vt 0.1690000 0.4800000
f 1837/1837 1838/1838 1839/1839 1840/1840
v 0.4401419 1.2765625 0.2753888
vt 0.1690000 0.4800000
v 0.4322138 1.2836381 0.2672156
vt 0.1690000 0.4450000
v 0.4490363 1.2836381 0.2672156
vt 0.1910000 0.4450000
v 0.4411081 1.2765625 0.2753888
vt 0.1910000 0.4800000
f 1841/1841 1842/1842 1843/1843 1844/1844
v 0.4411081 1.2765625 0.2753888
vt 0.1910000 0.4800000
v 0.4490363 1.2836381 0.2672156
vt 0.1910000 0.4450000
v 0.4626456 1.2836381 0.2709050
vt 0.2130000 0.4450000
v 0.4418894 1.2765625 0.2759569
vt 0.2130000 0.4800000
f 1845/1845 1846/1846 1847/1847 1848/1848
v 0.4418894 1.2765625 0.2759569
vt 0.2130000 0.4800000
v 0.4626456 1.2836381 0.2709050
vt 0.2130000 0.4450000
v 0.4678438 1.2836381 0.2768750
vt 0.2350000 0.4450000
v 0.4421875 1.2765625 0.2768750
vt 0.2350000 0.4800000
f 1849/1849 1850/1850 1851/1851 1852/1852
v 0.4678438 1.2836381 0.2768750
vt 0.0150000 0.4450000
v 0.4877694 1.3029688 0.2768750
vt 0.0150000 0.4100000
v 0.4787656 1.3029688 0.2872150
vt 0.0370000 0.4100000
v 0.4626456 1.2836381 0.2828450
vt 0.0370000 0.4450000
f 1853/1853 1854/1854 1855/1855 1856/1856
v 0.4626456 1.2836381 0.2828450
vt 0.0370000 0.4450000
v 0.4787656 1.3029688 0.2872150
vt 0.0370000 0.4100000
v 0.4551931 1.3029688 0.2936050
vt 0.0590000 0.4100000
v 0.4490363 1.2836381 0.2865344
vt 0.0590000 0.4450000
f 1857/1857 1858/1858 1859/1859 1860/1860
v 0.4490363 1.2836381 0.2865344
vt 0.0590000 0.4450000
v 0.4551931 1.3029688 0.2936050
vt 0.0590000 0.4100000
v 0.4260569 1.3029688 0.2936050
vt 0.0810000 0.4100000
v 0.4322138 1.2836381 0.2865344
vt 0.0810000 0.4450000
f 1861/1861 1862/1862 1863/1863 1864/1864
v 0.4322138 1.2836381 0.2865344
vt 0.0810000 0.4450000
v 0.4260569 1.3029688 0.2936050
vt 0.0810000 0.4100000
v 0.4024844 1.3029688 0.2872150
vt 0.1030000 0.4100000
v 0.4186044 1.2836381 0.2828450
vt 0.1030000 0.4450000
f 1865/1865 1866/1866 1867/1867 1868/1868
v 0.4186044 1.2836381 0.2828450
vt 0.1030000 0.4450000
v 0.4024844 1.3029688 0.2872150
vt 0.1030000 0.4100000
v 0.3934806 1.3029688 0.2768750
vt 0.1250000 0.4100000
v 0.4134062 1.2836381 0.2768750
vt 0.1250000 0.4450000
f 1869/1869 1870/1870 1871/1871 1872/1872
v 0.4134062 1.2836381 0.2768750
vt 0.1250000 0.4450000
v 0.3934806 1.3029688 0.2768750
vt 0.1250000 0.4100000
v 0.4024844 1.3029688 0.2665350
vt 0.1470000 0.4100000
v 0.4186044 1.2836381 0.2709050
vt 0.1470000 0.4450000
f 1873/1873 1874/1874 1875/1875 1876/1876
v 0.4186044 1.2836381 0.2709050
vt 0.1470000 0.4450000
v 0.4024844 1.3029688 0.2665350
vt 0.1470000 0.4100000
v 0.4260569 1.3029688 0.2601450
vt 0.1690000 0.4100000
v 0.4322138 1.2836381 0.2672156
vt 0.1690000 0.4450000
f 1877/1877 1878/1878 1879/1879 1880/1880
v 0.4322138 1.2836381 0.2672156
vt 0.1690000 0.4450000
v 0.4260569 1.3029688 0.2601450
vt 0.1690000 0.4100000
v 0.4551931 1.3029688 0.2601450
vt 0.1910000 0.4100000
v 0.4490363 1.2836381 0.2672156
vt 0.1910000 0.4450000
f 1881/1881 1882/1882 1883/1883 1884/1884
v 0.4490363 1.2836381 0.2672156
vt 0.1910000 0.4450000
v 0.4551931 1.3029688 0.2601450
vt 0.1910000 0.4100000
v 0.4787656 1.3029688 0.2665350
vt 0.2130000 0.4100000
v 0.4626456 1.2836381 0.2709050
vt 0.2130000 0.4450000
f 1885/1885 1886/1886 1887/1887 1888/1888
v 0.4626456 1.2836381 0.2709050
vt 0.2130000 0.4450000
v 0.4787656 1.3029688 0.2665350
vt 0.2130000 0.4100000
v 0.4877694 1.3029688 0.2768750
vt 0.2350000 0.4100000
v 0.4678438 1.2836381 0.2768750
vt 0.2350000 0.4450000
f 1889/1889 1890/1890 1891/1891 1892/1892
v 0.4877694 1.3029688 0.2768750
vt 0.0150000 0.4100000
v 0.4950625 1.3293750 0.2768750
vt 0.0150000 0.3750000
v 0.4846656 1.3293750 0.2888144
vt 0.0370000 0.3750000
v 0.4787656 1.3029688 0.2872150
vt 0.0370000 0.4100000
f 1893/1893 1894/1894 1895/1895 1896/1896
v 0.4787656 1.3029688 0.2872150
vt 0.0370000 0.4100000
v 0.4846656 1.3293750 0.2888144
vt 0.0370000 0.3750000
v 0.4574469 1.3293750 0.2961931
vt 0.0590000 0.3750000
v 0.4551931 1.3029688 0.2936050
vt 0.0590000 0.4100000
f 1897/1897 1898/1898 1899/1899 1900/1900
v 0.4551931 1.3029688 0.2936050
vt 0.0590000 0.4100000
v 0.4574469 1.3293750 0.2961931
vt 0.0590000 0.3750000
v 0.4238031 1.3293750 0.2961931
vt 0.0810000 0.3750000
v 0.4260569 1.3029688 0.2936050
vt 0.0810000 0.4100000
f 1901/1901 1902/1902 1903/1903 1904/1904
v 0.4260569 1.3029688 0.2936050
vt 0.0810000 0.4100000
v 0.4238031 1.3293750 0.2961931
vt 0.0810000 0.3750000
v 0.3965844 1.3293750 0.2888144
vt 0.1030000 0.3750000
v 0.4024844 1.3029688 0.2872150
vt 0.1030000 0.4100000
f 1905/1905 1906/1906 1907/1907 1908/1908
v 0.4024844 1.3029688 0.2872150
vt 0.1030000 0.4100000
v 0.3965844 1.3293750 0.2888144
vt 0.1030000 0.3750000
v 0.3861875 1.3293750 0.2768750
vt 0.1250000 0.3750000
v 0.3934806 1.3029688 0.2768750
vt 0.1250000 0.4100000
f 1909/1909 1910/1910 1911/1911 1912/1912
v 0.3934806 1.3029688 0.2768750
vt 0.1250000 0.4100000
v 0.3861875 1.3293750 0.2768750
vt 0.1250000 0.3750000
v 0.3965844 1.3293750 0.2649356
vt 0.1470000 0.3750000
v 0.4024844 1.3029688 0.2665350
vt 0.1470000 0.4100000
f 1913/1913 1914/1914 1915/1915 1916/1916
v 0.4024844 1.3029688 0.2665350
vt 0.1470000 0.4100000
v 0.3965844 1.3293750 0.2649356
vt 0.1470000 0.3750000
v 0.4238031 1.3293750 0.2575569
vt 0.1690000 0.3750000
v 0.4260569 1.3029688 0.2601450
vt 0.1690000 0.4100000
f 1917/1917 1918/1918 1919/1919 1920/1920
v 0.4260569 1.3029688 0.2601450
vt 0.1690000 0.4100000
v 0.4238031 1.3293750 0.2575569
vt 0.1690000 0.3750000
v 0.4574469 1.3293750 0.2575569
vt 0.1910000 0.3750000
v 0.4551931 1.3029688 0.2601450
vt 0.1910000 0.4100000
f 1921/1921 1922/1922 1923/1923 1924/1924
v 0.4551931 1.3029688 0.2601450
vt 0.1910000 0.4100000
v 0.4574469 1.3293750 0.2575569
vt 0.1910000 0.3750000
v 0.4846656 1.3293750 0.2649356
vt 0.2130000 0.3750000
v 0.4787656 1.3029688 0.2665350
vt 0.2130000 0.4100000
f 1925/1925 1926/1926 1927/1927 1928/1928
v 0.4787656 1.3029688 0.2665350
vt 0.2130000 0.4100000
v 0.4846656 1.3293750 0.2649356
vt 0.2130000 0.3750000
v 0.4950625 1.3293750 0.2768750
vt 0.2350000 0.3750000
v 0.4877694 1.3029688 0.2768750
vt 0.2350000 0.4100000
f 1929/1929 1930/1930 1931/1931 1932/1932
v 0.4950625 1.3293750 0.2768750
vt 0.0150000 0.3750000
v 0.4877694 1.3557812 0.2768750
vt 0.0150000 0.3400000
v 0.4787656 1.3557812 0.2872150
vt 0.0370000 0.3400000
v 0.4846656 1.3293750 0.2888144
vt 0.0370000 0.3750000
f 1933/1933 1934/1934 1935/1935 1936/1936
v 0.4846656 1.3293750 0.2888144
vt 0.0370000 0.3750000
v 0.4787656 1.3557812 0.2872150
vt 0.0370000 0.3400000
v 0.4551931 1.3557812 0.2936050
vt 0.0590000 0.3400000
v 0.4574469 1.3293750 0.2961931
vt 0.0590000 0.3750000
f 1937/1937 1938/1938 1939/1939 1940/1940
v 0.4574469 1.3293750 0.2961931
vt 0.0590000 0.3750000
v 0.4551931 1.3557812 0.2936050
vt 0.0590000 0.3400000
v 0.4260569 1.3557812 0.2936050
vt 0.0810000 0.3400000
v 0.4238031 1.3293750 0.2961931
vt 0.0810000 0.3750000
f 1941/1941 1942/1942 1943/1943 1944/1944
v 0.4238031 1.3293750 0.2961931
vt 0.0810000 0.3750000
v 0.4260569 1.3557812 0.2936050
vt 0.0810000 0.3400000
v 0.4024844 1.3557812 0.2872150
vt 0.1030000 0.3400000
v 0.3965844 1.3293750 0.2888144
vt 0.1030000 0.3750000
f 1945/1945 1946/1946 1947/1947 1948/1948
v 0.3965844 1.3293750 0.2888144
vt 0.1030000 0.3750000
v 0.4024844 1.3557812 0.2872150
vt 0.1030000 0.3400000
v 0.3934806 1.3557812 0.2768750
vt 0.1250000 0.3400000
v 0.3861875 1.3293750 0.2768750
vt 0.1250000 0.3750000
f 1949/1949 1950/1950 1951/1951 1952/1952
v 0.3861875 1.3293750 0.2768750
vt 0.1250000 0.3750000
v 0.3934806 1.3557812 0.2768750
vt 0.1250000 0.3400000
v 0.4024844 1.3557812 0.2665350
vt 0.1470000 0.3400000
v 0.3965844 1.3293750 0.2649356
vt 0.1470000 0.3750000
f 1953/1953 1954/1954 1955/1955 1956/1956
v 0.3965844 1.3293750 0.2649356
vt 0.1470000 0.3750000
v 0.4024844 1.3557812 0.2665350
vt 0.1470000 0.3400000
v 0.4260569 1.3557812 0.2601450
vt 0.1690000 0.3400000
v 0.4238031 1.3293750 0.2575569
vt 0.1690000 0.3750000
f 1957/1957 1958/1958 1959/1959 1960/1960
v 0.4238031 1.3293750 0.2575569
vt 0.1690000 0.3750000
v 0.4260569 1.3557812 0.2601450
vt 0.1690000 0.3400000
v 0.4551931 1.3557812 0.2601450
vt 0.1910000 0.3400000
v 0.4574469 1.3293750 0.2575569
vt 0.1910000 0.3750000
f 1961/1961 1962/1962 1963/1963 1964/1964
v 0.4574469 1.3293750 0.2575569
vt 0.1910000 0.3750000
v 0.4551931 1.3557812 0.2601450
vt 0.1910000 0.3400000
v 0.4787656 1.3557812 0.2665350
vt 0.2130000 0.3400000
v 0.4846656 1.3293750 0.2649356
vt 0.2130000 0.3750000
f 1965/1965 1966/1966 1967/1967 1968/1968
v 0.4846656 1.3293750 0.2649356
vt 0.2130000 0.3750000
v 0.4787656 1.3557812 0.2665350
vt 0.2130000 0.3400000
v 0.4877694 1.3557812 0.2768750
vt 0.2350000 0.3400000
v 0.4950625 1.3293750 0.2768750
vt 0.2350000 0.3750000
f 1969/1969 1970/1970 1971/1971 1972/1972
v 0.4877694 1.3557812 0.2768750
vt 0.0150000 0.3400000
v 0.4678438 1.3751119 0.2768750
vt 0.0150000 0.3050000
v 0.4626456 1.3751119 0.2828450
vt 0.0370000 0.3050000
v 0.4787656 1.3557812 0.2872150
vt 0.0370000 0.3400000
f 1973/1973 1974/1974 1975/1975 1976/1976
v 0.4787656 1.3557812 0.2872150
vt 0.0370000 0.3400000
v 0.4626456 1.3751119 0.2828450
vt 0.0370000 0.3050000
v 0.4490363 1.3751119 0.2865344
vt 0.0590000 0.3050000
v 0.4551931 1.3557812 0.2936050
vt 0.0590000 0.3400000
f 1977/1977 1978/1978 1979/1979 1980/1980
v 0.4551931 1.3557812 0.2936050
vt 0.0590000 0.3400000
v 0.4490363 1.3751119 0.2865344
vt 0.0590000 0.3050000
v 0.4322138 1.3751119 0.2865344
vt 0.0810000 0.3050000
v 0.4260569 1.3557812 0.2936050
vt 0.0810000 0.3400000
f 1981/1981 1982/1982 1983/1983 1984/1984
v 0.4260569 1.3557812 0.2936050
vt 0.0810000 0.3400000
v 0.4322138 1.3751119 0.2865344
vt 0.0810000 0.3050000
v 0.4186044 1.3751119 0.2828450
vt 0.1030000 0.3050000
v 0.4024844 1.3557812 0.2872150
vt 0.1030000 0.3400000
f 1985/1985 1986/1986 1987/1987 1988/1988
v 0.4024844 1.3557812 0.2872150
vt 0.1030000 0.3400000
v 0.4186044 1.3751119 0.2828450
vt 0.1030000 0.3050000
v 0.4134062 1.3751119 0.2768750
vt 0.1250000 0.3050000
v 0.3934806 1.3557812 0.2768750
vt 0.1250000 0.3400000
f 1989/1989 1990/1990 1991/1991 1992/1992
v 0.3934806 1.3557812 0.2768750
vt 0.1250000 0.3400000
v 0.4134062 1.3751119 0.2768750
vt 0.1250000 0.3050000
v 0.4186044 1.3751119 0.2709050
vt 0.1470000 0.3050000
v 0.4024844 1.3557812 0.2665350
vt 0.1470000 0.3400000
f 1993/1993 1994/1994 1995/1995 1996/1996
v 0.4024844 1.3557812 0.2665350
vt 0.1470000 0.3400000
v 0.4186044 1.3751119 0.2709050
vt 0.1470000 0.3050000
v 0.4322138 1.3751119 0.2672156
vt 0.1690000 0.3050000
v 0.4260569 1.3557812 0.2601450
vt 0.1690000 0.3400000
f 1997/1997 1998/1998 1999/1999 2000/2000
v 0.4260569 1.3557812 0.2601450
vt 0.1690000 0.3400000
v 0.4322138 1.3751119 0.2672156
vt 0.1690000 0.3050000
v 0.4490363 1.3751119 0.2672156
vt 0.1910000 0.3050000
v 0.4551931 1.3557812 0.2601450
vt 0.1910000 0.3400000
f 2001/2001 2002/2002 2003/2003 2004/2004
v 0.4551931 1.3557812 0.2601450
vt 0.1910000 0.3400000
v 0.4490363 1.3751119 0.2672156
vt 0.1910000 0.3050000
v 0.4626456 1.3751119 0.2709050
vt 0.2130000 0.3050000
v 0.4787656 1.3557812 0.2665350
vt 0.2130000 0.3400000
f 2005/2005 2006/2006 2007/2007 2008/2008
v 0.4787656 1.3557812 0.2665350
vt 0.2130000 0.3400000
v 0.4626456 1.3751119 0.2709050
vt 0.2130000 0.3050000
v 0.4678438 1.3751119 0.2768750
vt 0.2350000 0.3050000
v 0.4877694 1.3557812 0.2768750
vt 0.2350000 0.3400000
f 2009/2009 2010/2010 2011/2011 2012/2012
v 0.4678438 1.3751119 0.2768750
vt 0.0150000 0.3050000
v 0.4421875 1.3821875 0.2768750
vt 0.0150000 0.2700000
v 0.4418894 1.3821875 0.2777931
vt 0.0370000 0.2700000
v 0.4626456 1.3751119 0.2828450
vt 0.0370000 0.3050000
f 2013/2013 2014/2014 2015/2015 2016/2016
v 0.4626456 1.3751119 0.2828450
vt 0.0370000 0.3050000
v 0.4418894 1.3821875 0.2777931
vt 0.0370000 0.2700000
v 0.4411081 1.3821875 0.2783613
vt 0.0590000 0.2700000
v 0.4490363 1.3751119 0.2865344
vt 0.0590000 0.3050000
f 2017/2017 2018/2018 2019/2019 2020/2020
v 0.4490363 1.3751119 0.2865344
vt 0.0590000 0.3050000
v 0.4411081 1.3821875 0.2783613
vt 0.0590000 0.2700000
v 0.4401419 1.3821875 0.2783613
vt 0.0810000 0.2700000
v 0.4322138 1.3751119 0.2865344
vt 0.0810000 0.3050000
f 2021/2021 2022/2022 2023/2023 2024/2024
v 0.4322138 1.3751119 0.2865344
vt 0.0810000 0.3050000
v 0.4401419 1.3821875 0.2783613
vt 0.0810000 0.2700000
v 0.4393606 1.3821875 0.2777931
vt 0.1030000 0.2700000
v 0.4186044 1.3751119 0.2828450
vt 0.1030000 0.3050000
f 2025/2025 2026/2026 2027/2027 2028/2028
v 0.4186044 1.3751119 0.2828450
vt 0.1030000 0.3050000
v 0.4393606 1.3821875 0.2777931
vt 0.1030000 0.2700000
v 0.4390625 1.3821875 0.2768750
vt 0.1250000 0.2700000
v 0.4134062 1.3751119 0.2768750
vt 0.1250000 0.3050000
f 2029/2029 2030/2030 2031/2031 2032/2032
v 0.4134062 1.3751119 0.2768750
vt 0.1250000 0.3050000
v 0.4390625 1.3821875 0.2768750
vt 0.1250000 0.2700000
v 0.4393606 1.3821875 0.2759569
vt 0.1470000 0.2700000
v 0.4186044 1.3751119 0.2709050
vt 0.1470000 0.3050000
f 2033/2033 2034/2034 2035/2035 2036/2036
v 0.4186044 1.3751119 0.2709050
vt 0.1470000 0.3050000
v 0.4393606 1.3821875 0.2759569
vt 0.1470000 0.2700000
v 0.4401419 1.3821875 0.2753888
vt 0.1690000 0.2700000
v 0.4322138 1.3751119 0.2672156
vt 0.1690000 0.3050000
f 2037/2037 2038/2038 2039/2039 2040/2040
v 0.4322138 1.3751119 0.2672156
vt 0.1690000 0.3050000
v 0.4401419 1.3821875 0.2753888
vt 0.1690000 0.2700000
v 0.4411081 1.3821875 0.2753888
vt 0.1910000 0.2700000
v 0.4490363 1.3751119 0.2672156
vt 0.1910000 0.3050000
f 2041/2041 2042/2042 2043/2043 2044/2044
v 0.4490363 1.3751119 0.2672156
vt 0.1910000 0.3050000
v 0.4411081 1.3821875 0.2753888
vt 0.1910000 0.2700000
v 0.4418894 1.3821875 0.2759569
vt 0.2130000 0.2700000
v 0.4626456 1.3751119 0.2709050
vt 0.2130000 0.3050000
f 2045/2045 2046/2046 2047/2047 2048/2048
v 0.4626456 1.3751119 0.2709050
vt 0.2130000 0.3050000
v 0.4418894 1.3821875 0.2759569
vt 0.2130000 0.2700000
v 0.4421875 1.3821875 0.2768750
vt 0.2350000 0.2700000
v 0.4678438 1.3751119 0.2768750
vt 0.2350000 0.3050000
f 2049/2049 2050/2050 2051/2051 2052/2052
v 0.4406250 1.2765625 0.2768750
vt 0.1739063 0.3851319
v 0.4421875 1.2765625 0.2768750
vt 0.1740885 0.3851319
v 0.4418894 1.2765625 0.2777931
vt 0.1740537 0.3850605
f 2053/2053 2054/2054 2055/2055
v 0.4406250 1.2765625 0.2768750
vt 0.1739063 0.3851319
v 0.4418894 1.2765625 0.2777931
vt 0.1740537 0.3850605
v 0.4411081 1.2765625 0.2783613
vt 0.1739626 0.3850164
f 2056/2056 2057/2057 2058/2058
v 0.4406250 1.2765625 0.2768750
vt 0.1739063 0.3851319
v 0.4411081 1.2765625 0.2783613
vt 0.1739626 0.3850164
v 0.4401419 1.2765625 0.2783613
vt 0.1738499 0.3850164
f 2059/2059 2060/2060 2061/2061
v 0.4406250 1.2765625 0.2768750
vt 0.1739063 0.3851319
v 0.4401419 1.2765625 0.2783613
vt 0.1738499 0.3850164
v 0.4393606 1.2765625 0.2777931
vt 0.1737588 0.3850605
f 2062/2062 2063/2063 2064/2064
v 0.4406250 1.2765625 0.2768750
vt 0.1739063 0.3851319
v 0.4393606 1.2765625 0.2777931
vt 0.1737588 0.3850605
v 0.4390625 1.2765625 0.2768750
vt 0.1737240 0.3851319
f 2065/2065 2066/2066 2067/2067
v 0.4406250 1.2765625 0.2768750
vt 0.1739063 0.3851319
v 0.4390625 1.2765625 0.2768750
vt 0.1737240 0.3851319
v 0.4393606 1.2765625 0.2759569
vt 0.1737588 0.3852034
f 2068/2068 2069/2069 2070/2070
v 0.4406250 1.2765625 0.2768750
vt 0.1739063 0.3851319
v 0.4393606 1.2765625 0.2759569
vt 0.1737588 0.3852034
v 0.4401419 1.2765625 0.2753888
vt 0.1738499 0.3852475
f 2071/2071 2072/2072 2073/2073
v 0.4406250 1.2765625 0.2768750
vt 0.1739063 0.3851319
v 0.4401419 1.2765625 0.2753888
vt 0.1738499 0.3852475
v 0.4411081 1.2765625 0.2753888
vt 0.1739626 0.3852475
f 2074/2074 2075/2075 2076/2076
v 0.4406250 1.2765625 0.2768750
vt 0.1739063 0.3851319
v 0.4411081 1.2765625 0.2753888
vt 0.1739626 0.3852475
v 0.4418894 1.2765625 0.2759569
vt 0.1740537 0.3852034
f 2077/2077 2078/2078 2079/2079
v 0.4406250 1.2765625 0.2768750
vt 0.1739063 0.3851319
v 0.4418894 1.2765625 0.2759569
vt 0.1740537 0.3852034
v 0.4421875 1.2765625 0.2768750
vt 0.1740885 0.3851319
f 2080/2080 2081/2081 2082/2082
v 0.4418894 1.3821875 0.2777931
vt 0.1740537 0.3850605
v 0.4421875 1.3821875 0.2768750
vt 0.1740885 0.3851319
v 0.4406250 1.3821875 0.2768750
vt 0.1739063 0.3851319
f 2083/2083 2084/2084 2085/2085
v 0.4411081 1.3821875 0.2783613
vt 0.1739626 0.3850164
v 0.4418894 1.3821875 0.2777931
vt 0.1740537 0.3850605
v 0.4406250 1.3821875 0.2768750
vt 0.1739063 0.3851319
f 2086/2086 2087/2087 2088/2088
v 0.4401419 1.3821875 0.2783613
vt 0.1738499 0.3850164
v 0.4411081 1.3821875 0.2783613
vt 0.1739626 0.3850164
v 0.4406250 1.3821875 0.2768750
vt 0.1739063 0.3851319
f 2089/2089 2090/2090 2091/2091
v 0.4393606 1.3821875 0.2777931
vt 0.1737588 0.3850605
v 0.4401419 1.3821875 0.2783613
vt 0.1738499 0.3850164
v 0.4406250 1.3821875 0.2768750
vt 0.1739063 0.3851319
f 2092/2092 2093/2093 2094/2094
v 0.4390625 1.3821875 0.2768750
vt 0.1737240 0.3851319
v 0.4393606 1.3821875 0.2777931
vt 0.1737588 0.3850605
v 0.4406250 1.3821875 0.2768750
vt 0.1739063 0.3851319
f 2095/2095 2096/2096 2097/2097
v 0.4393606 1.3821875 0.2759569
vt 0.1737588 0.3852034
v 0.4390625 1.3821875 0.2768750
vt 0.1737240 0.3851319
v 0.4406250 1.3821875 0.2768750
vt 0.1739063 0.3851319
f 2098/2098 2099/2099 2100/2100
v 0.4401419 1.3821875 0.2753888
vt 0.1738499 0.3852475
v 0.4393606 1.3821875 0.2759569
vt 0.1737588 0.3852034
v 0.4406250 1.3821875 0.2768750
vt 0.1739063 0.3851319
f 2101/2101 2102/2102 2103/2103
v 0.4411081 1.3821875 0.2753888
vt 0.1739626 0.3852475
v 0.4401419 1.3821875 0.2753888
vt 0.1738499 0.3852475
v 0.4406250 1.3821875 0.2768750
vt 0.1739063 0.3851319
f 2104/2104 2105/2105 2106/2106
v 0.4418894 1.3821875 0.2759569
vt 0.1740537 0.3852034
v 0.4411081 1.3821875 0.2753888
vt 0.1739626 0.3852475
v 0.4406250 1.3821875 0.2768750
vt 0.1739063 0.3851319
f 2107/2107 2108/2108 2109/2109
v 0.4421875 1.3821875 0.2768750
vt 0.1740885 0.3851319
v 0.4418894 1.3821875 0.2759569
vt 0.1740537 0.3852034
v 0.4406250 1.3821875 0.2768750
vt 0.1739063 0.3851319
f 2110/2110 2111/2111 2112/2112
o EM_overflow_1
usemtl glow
v 0.6272237 1.6388894 0.3403431
vt 0.1622067 0.2791975
v 0.6387594 1.5732294 0.3068931
vt 0.1583042 0.2843044
v 0.6337438 1.5696500 0.3168750
vt 0.1594687 0.2845828
v 0.6242969 1.6350669 0.3468750
vt 0.1629687 0.2794948
f 2113/2113 2114/2114 2115/2115 2116/2116
v 0.6364625 1.6433744 0.3363062
vt 0.1967540 0.2788487
v 0.6528437 1.5774856 0.3007238
vt 0.1986651 0.2839733
v 0.6387594 1.5732294 0.3068931
vt 0.1970220 0.2843044
v 0.6272237 1.6388894 0.3403431
vt 0.1956761 0.2791975
f 2117/2117 2118/2118 2119/2119 2120/2120
v 0.6484850 1.6468094 0.3363062
vt 0.1981566 0.2785815
v 0.6706163 1.5807919 0.3007238
vt 0.2007386 0.2837162
v 0.6528437 1.5774856 0.3007238
vt 0.1986651 0.2839733
v 0.6364625 1.6433744 0.3363062
vt 0.1967540 0.2788487
f 2121/2121 2122/2122 2123/2123 2124/2124
v 0.6586987 1.6478819 0.3403431
vt 0.1993482 0.2784981
v 0.6852888 1.5818862 0.3068931
vt 0.2024503 0.2836311
v 0.6706163 1.5807919 0.3007238
vt 0.2007386 0.2837162
v 0.6484850 1.6468094 0.3363062
vt 0.1981566 0.2785815
f 2125/2125 2126/2126 2127/2127 2128/2128
v 0.6632031 1.6461831 0.3468750
vt 0.1629687 0.2786302
v 0.6912563 1.5803500 0.3168750
vt 0.1594687 0.2837506
v 0.6852888 1.5818862 0.3068931
vt 0.1583042 0.2836311
v 0.6586987 1.6478819 0.3403431
vt 0.1622067 0.2784981
f 2129/2129 2130/2130 2131/2131 2132/2132
v 0.6602763 1.6423606 0.3534069
vt 0.1637308 0.2789275
v 0.6862406 1.5767706 0.3268569
vt 0.1606333 0.2840290
v 0.6912563 1.5803500 0.3168750
vt 0.1594687 0.2837506
v 0.6632031 1.6461831 0.3468750
vt 0.1629687 0.2786302
f 2133/2133 2134/2134 2135/2135 2136/2136
v 0.6510375 1.6378756 0.3574438
vt 0.1984544 0.2792763
v 0.6721563 1.5725144 0.3330263
vt 0.2009182 0.2843600
v 0.6862406 1.5767706 0.3268569
vt 0.2025614 0.2840290
v 0.6602763 1.6423606 0.3534069
vt 0.1995322 0.2789275
f 2137/2137 2138/2138 2139/2139 2140/2140
v 0.6390150 1.6344406 0.3574438
vt 0.1970517 0.2795435
v 0.6543838 1.5692081 0.3330263
vt 0.1988448 0.2846172
v 0.6721563 1.5725144 0.3330263
vt 0.2009182 0.2843600
v 0.6510375 1.6378756 0.3574438
vt 0.1984544 0.2792763
f 2141/2141 2142/2142 2143/2143 2144/2144
v 0.6288012 1.6333681 0.3534069
vt 0.1958601 0.2796269
v 0.6397112 1.5681137 0.3268569
vt 0.1971330 0.2847023
v 0.6543838 1.5692081 0.3330263
vt 0.1988448 0.2846172
v 0.6390150 1.6344406 0.3574438
vt 0.1970517 0.2795435
f 2145/2145 2146/2146 2147/2147 2148/2148
v 0.6242969 1.6350669 0.3468750
vt 0.1629687 0.2794948
v 0.6337438 1.5696500 0.3168750
vt 0.1594687 0.2845828
v 0.6397112 1.5681137 0.3268569
vt 0.1606333 0.2847023
v 0.6288012 1.6333681 0.3534069
vt 0.1637308 0.2796269
f 2149/2149 2150/2150 2151/2151 2152/2152
v 0.6387594 1.5732294 0.3068931
vt 0.1583042 0.2843044
v 0.6421225 1.5064494 0.2996594
vt 0.1574603 0.2894984
v 0.6358469 1.5057800 0.3112500
vt 0.1588125 0.2895504
v 0.6337438 1.5696500 0.3168750
vt 0.1594687 0.2845828
f 2153/2153 2154/2154 2155/2155 2156/2156
v 0.6528437 1.5774856 0.3007238
vt 0.1986651 0.2839733
v 0.6585688 1.5070425 0.2924963
vt 0.1993331 0.2894523
v 0.6421225 1.5064494 0.2996594
vt 0.1974143 0.2894984
v 0.6387594 1.5732294 0.3068931
vt 0.1970220 0.2843044
f 2157/2157 2158/2158 2159/2159 2160/2160
v 0.6706163 1.5807919 0.3007238
vt 0.2007386 0.2837162
v 0.6789044 1.5073325 0.2924963
vt 0.2017055 0.2894297
v 0.6585688 1.5070425 0.2924963
vt 0.1993331 0.2894523
v 0.6528437 1.5774856 0.3007238
vt 0.1986651 0.2839733
f 2161/2161 2162/2162 2163/2163 2164/2164
v 0.6852888 1.5818862 0.3068931
vt 0.2024503 0.2836311
v 0.6953606 1.5072094 0.2996594
vt 0.2036254 0.2894393
v 0.6789044 1.5073325 0.2924963
vt 0.2017055 0.2894297
v 0.6706163 1.5807919 0.3007238
vt 0.2007386 0.2837162
f 2165/2165 2166/2166 2167/2167 2168/2168
v 0.6912563 1.5803500 0.3168750
vt 0.1594687 0.2837506
v 0.7016531 1.5067200 0.3112500
vt 0.1588125 0.2894773
v 0.6953606 1.5072094 0.2996594
vt 0.1574603 0.2894393
v 0.6852888 1.5818862 0.3068931
vt 0.1583042 0.2836311
f 2169/2169 2170/2170 2171/2171 2172/2172
v 0.6862406 1.5767706 0.3268569
vt 0.1606333 0.2840290
v 0.6953775 1.5060506 0.3228406
vt 0.1601647 0.2895294
v 0.7016531 1.5067200 0.3112500
vt 0.1588125 0.2894773
v 0.6912563 1.5803500 0.3168750
vt 0.1594687 0.2837506
f 2173/2173 2174/2174 2175/2175 2176/2176
v 0.6721563 1.5725144 0.3330263
vt 0.2009182 0.2843600
v 0.6789312 1.5054575 0.3300037
vt 0.2017086 0.2895755
v 0.6953775 1.5060506 0.3228406
vt 0.2036274 0.2895294
v 0.6862406 1.5767706 0.3268569
vt 0.2025614 0.2840290
f 2177/2177 2178/2178 2179/2179 2180/2180
v 0.6543838 1.5692081 0.3330263
vt 0.1988448 0.2846172
v 0.6585956 1.5051675 0.3300037
vt 0.1993362 0.2895981
v 0.6789312 1.5054575 0.3300037
vt 0.2017086 0.2895755
v 0.6721563 1.5725144 0.3330263
vt 0.2009182 0.2843600
f 2181/2181 2182/2182 2183/2183 2184/2184
v 0.6397112 1.5681137 0.3268569
vt 0.1971330 0.2847023
v 0.6421394 1.5052906 0.3228406
vt 0.1974163 0.2895885
v 0.6585956 1.5051675 0.3300037
vt 0.1993362 0.2895981
v 0.6543838 1.5692081 0.3330263
vt 0.1988448 0.2846172
f 2185/2185 2186/2186 2187/2187 2188/2188
v 0.6337438 1.5696500 0.3168750
vt 0.1594687 0.2845828
v 0.6358469 1.5057800 0.3112500
vt 0.1588125 0.2895504
v 0.6421394 1.5052906 0.3228406
vt 0.1601647 0.2895885
v 0.6397112 1.5681137 0.3268569
vt 0.1606333 0.2847023
f 2189/2189 2190/2190 2191/2191 2192/2192
v 0.6421225 1.5064494 0.2996594
vt 0.1574603 0.2894984
v 0.6548900 1.4895988 0.3085406
vt 0.1584964 0.2908090
v 0.6528800 1.4903987 0.3125000
vt 0.1589583 0.2907468
v 0.6358469 1.5057800 0.3112500
vt 0.1588125 0.2895504
f 2193/2193 2194/2194 2195/2195 2196/2196
v 0.6585688 1.5070425 0.2924963
vt 0.1993331 0.2894523
v 0.6602844 1.4879969 0.3060937
vt 0.1995332 0.2909336
v 0.6548900 1.4895988 0.3085406
vt 0.1989039 0.2908090
v 0.6421225 1.5064494 0.2996594
vt 0.1974143 0.2894984
f 2197/2197 2198/2198 2199/2199 2200/2200
v 0.6789044 1.5073325 0.2924963
vt 0.2017055 0.2894297
v 0.6670025 1.4862056 0.3060937
vt 0.2003170 0.2910729
v 0.6602844 1.4879969 0.3060937
vt 0.1995332 0.2909336
v 0.6585688 1.5070425 0.2924963
vt 0.1993331 0.2894523
f 2201/2201 2202/2202 2203/2203 2204/2204
v 0.6953606 1.5072094 0.2996594
vt 0.2036254 0.2894393
v 0.6724781 1.4849087 0.3085406
vt 0.2009558 0.2911738
v 0.6670025 1.4862056 0.3060937
vt 0.2003170 0.2910729
v 0.6789044 1.5073325 0.2924963
vt 0.2017055 0.2894297
f 2205/2205 2206/2206 2207/2207 2208/2208
v 0.7016531 1.5067200 0.3112500
vt 0.2043595 0.3824583
v 0.6746200 1.4846013 0.3125000
vt 0.2012057 0.3823611
v 0.6724781 1.4849087 0.3085406
vt 0.2009558 0.3826691
v 0.6953606 1.5072094 0.2996594
vt 0.2036254 0.3833598
f 2209/2209 2210/2210 2211/2211 2212/2212
v 0.6953775 1.5060506 0.3228406
vt 0.2036274 0.3815568
v 0.6726100 1.4854013 0.3164594
vt 0.2009711 0.3820532
v 0.6746200 1.4846013 0.3125000
vt 0.2012057 0.3823611
v 0.7016531 1.5067200 0.3112500
vt 0.2043595 0.3824583
f 2213/2213 2214/2214 2215/2215 2216/2216
v 0.6789312 1.5054575 0.3300037
vt 0.2017086 0.2895755
v 0.6672156 1.4870031 0.3189063
vt 0.2003418 0.2910109
v 0.6726100 1.4854013 0.3164594
vt 0.2009711 0.2911355
v 0.6953775 1.5060506 0.3228406
vt 0.2036274 0.2895294
f 2217/2217 2218/2218 2219/2219 2220/2220
v 0.6585956 1.5051675 0.3300037
vt 0.1993362 0.2895981
v 0.6604975 1.4887944 0.3189063
vt 0.1995580 0.2908715
v 0.6672156 1.4870031 0.3189063
vt 0.2003418 0.2910109
v 0.6789312 1.5054575 0.3300037
vt 0.2017086 0.2895755
f 2221/2221 2222/2222 2223/2223 2224/2224
v 0.6421394 1.5052906 0.3228406
vt 0.1974163 0.2895885
v 0.6550219 1.4900913 0.3164594
vt 0.1989192 0.2907707
v 0.6604975 1.4887944 0.3189063
vt 0.1995580 0.2908715
v 0.6585956 1.5051675 0.3300037
vt 0.1993362 0.2895981
f 2225/2225 2226/2226 2227/2227 2228/2228
v 0.6358469 1.5057800 0.3112500
vt 0.1966822 0.3824583
v 0.6528800 1.4903987 0.3125000
vt 0.1986693 0.3823611
v 0.6550219 1.4900913 0.3164594
vt 0.1989192 0.3820532
v 0.6421394 1.5052906 0.3228406
vt 0.1974163 0.3815568
f 2229/2229 2230/2230 2231/2231 2232/2232
v 0.6272237 1.6388894 0.3403431
vt 0.1956761 0.3801955
v 0.6242969 1.6350669 0.3468750
vt 0.1953347 0.3796875
v 0.6437500 1.6406250 0.3468750
vt 0.1976042 0.3796875
f 2233/2233 2234/2234 2235/2235
v 0.6364625 1.6433744 0.3363062
vt 0.1967540 0.3805095
v 0.6272237 1.6388894 0.3403431
vt 0.1956761 0.3801955
v 0.6437500 1.6406250 0.3468750
vt 0.1976042 0.3796875
f 2236/2236 2237/2237 2238/2238
v 0.6484850 1.6468094 0.3363062
vt 0.1981566 0.3805095
v 0.6364625 1.6433744 0.3363062
vt 0.1967540 0.3805095
v 0.6437500 1.6406250 0.3468750
vt 0.1976042 0.3796875
f 2239/2239 2240/2240 2241/2241
v 0.6586987 1.6478819 0.3403431
vt 0.1993482 0.3801955
v 0.6484850 1.6468094 0.3363062
vt 0.1981566 0.3805095
v 0.6437500 1.6406250 0.3468750
vt 0.1976042 0.3796875
f 2242/2242 2243/2243 2244/2244
v 0.6632031 1.6461831 0.3468750
vt 0.1998737 0.3796875
v 0.6586987 1.6478819 0.3403431
vt 0.1993482 0.3801955
v 0.6437500 1.6406250 0.3468750
vt 0.1976042 0.3796875
f 2245/2245 2246/2246 2247/2247
v 0.6602763 1.6423606 0.3534069
vt 0.1995322 0.3791795
v 0.6632031 1.6461831 0.3468750
vt 0.1998737 0.3796875
v 0.6437500 1.6406250 0.3468750
vt 0.1976042 0.3796875
f 2248/2248 2249/2249 2250/2250
v 0.6510375 1.6378756 0.3574438
vt 0.1984544 0.3788655
v 0.6602763 1.6423606 0.3534069
vt 0.1995322 0.3791795
v 0.6437500 1.6406250 0.3468750
vt 0.1976042 0.3796875
f 2251/2251 2252/2252 2253/2253
v 0.6390150 1.6344406 0.3574438
vt 0.1970517 0.3788655
v 0.6510375 1.6378756 0.3574438
vt 0.1984544 0.3788655
v 0.6437500 1.6406250 0.3468750
vt 0.1976042 0.3796875
f 2254/2254 2255/2255 2256/2256
v 0.6288012 1.6333681 0.3534069
vt 0.1958601 0.3791795
v 0.6390150 1.6344406 0.3574438
vt 0.1970517 0.3788655
v 0.6437500 1.6406250 0.3468750
vt 0.1976042 0.3796875
f 2257/2257 2258/2258 2259/2259
v 0.6242969 1.6350669 0.3468750
vt 0.1953347 0.3796875
v 0.6288012 1.6333681 0.3534069
vt 0.1958601 0.3791795
v 0.6437500 1.6406250 0.3468750
vt 0.1976042 0.3796875
f 2260/2260 2261/2261 2262/2262
v 0.6637500 1.4875000 0.3125000
vt 0.1999375 0.3823611
v 0.6528800 1.4903987 0.3125000
vt 0.1986693 0.3823611
v 0.6548900 1.4895988 0.3085406
vt 0.1989039 0.3826691
f 2263/2263 2264/2264 2265/2265
v 0.6637500 1.4875000 0.3125000
vt 0.1999375 0.3823611
v 0.6548900 1.4895988 0.3085406
vt 0.1989039 0.3826691
v 0.6602844 1.4879969 0.3060937
vt 0.1995332 0.3828594
f 2266/2266 2267/2267 2268/2268
v 0.6637500 1.4875000 0.3125000
vt 0.1999375 0.3823611
v 0.6602844 1.4879969 0.3060937
vt 0.1995332 0.3828594
v 0.6670025 1.4862056 0.3060937
vt 0.2003170 0.3828594
f 2269/2269 2270/2270 2271/2271
v 0.6637500 1.4875000 0.3125000
vt 0.1999375 0.3823611
v 0.6670025 1.4862056 0.3060937
vt 0.2003170 0.3828594
v 0.6724781 1.4849087 0.3085406
vt 0.2009558 0.3826691
f 2272/2272 2273/2273 2274/2274
v 0.6637500 1.4875000 0.3125000
vt 0.1999375 0.3823611
v 0.6724781 1.4849087 0.3085406
vt 0.2009558 0.3826691
v 0.6746200 1.4846013 0.3125000
vt 0.2012057 0.3823611
f 2275/2275 2276/2276 2277/2277
v 0.6637500 1.4875000 0.3125000
vt 0.1999375 0.3823611
v 0.6746200 1.4846013 0.3125000
vt 0.2012057 0.3823611
v 0.6726100 1.4854013 0.3164594
vt 0.2009711 0.3820532
f 2278/2278 2279/2279 2280/2280
v 0.6637500 1.4875000 0.3125000
vt 0.1999375 0.3823611
v 0.6726100 1.4854013 0.3164594
vt 0.2009711 0.3820532
v 0.6672156 1.4870031 0.3189063
vt 0.2003418 0.3818628
f 2281/2281 2282/2282 2283/2283
v 0.6637500 1.4875000 0.3125000
vt 0.1999375 0.3823611
v 0.6672156 1.4870031 0.3189063
vt 0.2003418 0.3818628
v 0.6604975 1.4887944 0.3189063
vt 0.1995580 0.3818628
f 2284/2284 2285/2285 2286/2286
v 0.6637500 1.4875000 0.3125000
vt 0.1999375 0.3823611
v 0.6604975 1.4887944 0.3189063
vt 0.1995580 0.3818628
v 0.6550219 1.4900913 0.3164594
vt 0.1989192 0.3820532
f 2287/2287 2288/2288 2289/2289
v 0.6637500 1.4875000 0.3125000
vt 0.1999375 0.3823611
v 0.6550219 1.4900913 0.3164594
vt 0.1989192 0.3820532
v 0.6528800 1.4903987 0.3125000
vt 0.1986693 0.3823611
f 2290/2290 2291/2291 2292/2292
o EM_rounded_overflow_end_1
usemtl glow
v 0.6703125 1.4664375 0.3068750
vt 0.0150000 0.4800000
v 0.6850812 1.4706831 0.3068750
vt 0.0150000 0.4450000
v 0.6819625 1.4706831 0.3104569
vt 0.0370000 0.4450000
v 0.6700144 1.4664375 0.3077931
vt 0.0370000 0.4800000
f 2293/2293 2294/2294 2295/2295 2296/2296
v 0.6700144 1.4664375 0.3077931
vt 0.0370000 0.4800000
v 0.6819625 1.4706831 0.3104569
vt 0.0370000 0.4450000
v 0.6737969 1.4706831 0.3126706
vt 0.0590000 0.4450000
v 0.6692331 1.4664375 0.3083612
vt 0.0590000 0.4800000
f 2297/2297 2298/2298 2299/2299 2300/2300
v 0.6692331 1.4664375 0.3083612
vt 0.0590000 0.4800000
v 0.6737969 1.4706831 0.3126706
vt 0.0590000 0.4450000
v 0.6637031 1.4706831 0.3126706
vt 0.0810000 0.4450000
v 0.6682669 1.4664375 0.3083612
vt 0.0810000 0.4800000
f 2301/2301 2302/2302 2303/2303 2304/2304
v 0.6682669 1.4664375 0.3083612
vt 0.0810000 0.4800000
v 0.6637031 1.4706831 0.3126706
vt 0.0810000 0.4450000
v 0.6555375 1.4706831 0.3104569
vt 0.1030000 0.4450000
v 0.6674856 1.4664375 0.3077931
vt 0.1030000 0.4800000
f 2305/2305 2306/2306 2307/2307 2308/2308
v 0.6674856 1.4664375 0.3077931
vt 0.1030000 0.4800000
v 0.6555375 1.4706831 0.3104569
vt 0.1030000 0.4450000
v 0.6524188 1.4706831 0.3068750
vt 0.1250000 0.4450000
v 0.6671875 1.4664375 0.3068750
vt 0.1250000 0.4800000
f 2309/2309 2310/2310 2311/2311 2312/2312
v 0.6671875 1.4664375 0.3068750
vt 0.1250000 0.4800000
v 0.6524188 1.4706831 0.3068750
vt 0.1250000 0.4450000
v 0.6555375 1.4706831 0.3032931
vt 0.1470000 0.4450000
v 0.6674856 1.4664375 0.3059569
vt 0.1470000 0.4800000
f 2313/2313 2314/2314 2315/2315 2316/2316
v 0.6674856 1.4664375 0.3059569
vt 0.1470000 0.4800000
v 0.6555375 1.4706831 0.3032931
vt 0.1470000 0.4450000
v 0.6637031 1.4706831 0.3010794
vt 0.1690000 0.4450000
v 0.6682669 1.4664375 0.3053887
vt 0.1690000 0.4800000
f 2317/2317 2318/2318 2319/2319 2320/2320
v 0.6682669 1.4664375 0.3053887
vt 0.1690000 0.4800000
v 0.6637031 1.4706831 0.3010794
vt 0.1690000 0.4450000
v 0.6737969 1.4706831 0.3010794
vt 0.1910000 0.4450000
v 0.6692331 1.4664375 0.3053887
vt 0.1910000 0.4800000
f 2321/2321 2322/2322 2323/2323 2324/2324
v 0.6692331 1.4664375 0.3053887
vt 0.1910000 0.4800000
v 0.6737969 1.4706831 0.3010794
vt 0.1910000 0.4450000
v 0.6819625 1.4706831 0.3032931
vt 0.2130000 0.4450000
v 0.6700144 1.4664375 0.3059569
vt 0.2130000 0.4800000
f 2325/2325 2326/2326 2327/2327 2328/2328
v 0.6700144 1.4664375 0.3059569
vt 0.2130000 0.4800000
v 0.6819625 1.4706831 0.3032931
vt 0.2130000 0.4450000
v 0.6850812 1.4706831 0.3068750
vt 0.2350000 0.4450000
v 0.6703125 1.4664375 0.3068750
vt 0.2350000 0.4800000
f 2329/2329 2330/2330 2331/2331 2332/2332
v 0.6850812 1.4706831 0.3068750
vt 0.0150000 0.4450000
v 0.6970363 1.4822812 0.3068750
vt 0.0150000 0.4100000
v 0.6916344 1.4822812 0.3130788
vt 0.0370000 0.4100000
v 0.6819625 1.4706831 0.3104569
vt 0.0370000 0.4450000
f 2333/2333 2334/2334 2335/2335 2336/2336
v 0.6819625 1.4706831 0.3104569
vt 0.0370000 0.4450000
v 0.6916344 1.4822812 0.3130788
vt 0.0370000 0.4100000
v 0.6774912 1.4822812 0.3169131
vt 0.0590000 0.4100000
v 0.6737969 1.4706831 0.3126706
vt 0.0590000 0.4450000
f 2337/2337 2338/2338 2339/2339 2340/2340
v 0.6737969 1.4706831 0.3126706
vt 0.0590000 0.4450000
v 0.6774912 1.4822812 0.3169131
vt 0.0590000 0.4100000
v 0.6600088 1.4822812 0.3169131
vt 0.0810000 0.4100000
v 0.6637031 1.4706831 0.3126706
vt 0.0810000 0.4450000
f 2341/2341 2342/2342 2343/2343 2344/2344
v 0.6637031 1.4706831 0.3126706
vt 0.0810000 0.4450000
v 0.6600088 1.4822812 0.3169131
vt 0.0810000 0.4100000
v 0.6458656 1.4822812 0.3130788
vt 0.1030000 0.4100000
v 0.6555375 1.4706831 0.3104569
vt 0.1030000 0.4450000
f 2345/2345 2346/2346 2347/2347 2348/2348
v 0.6555375 1.4706831 0.3104569
vt 0.1030000 0.4450000
v 0.6458656 1.4822812 0.3130788
vt 0.1030000 0.4100000
v 0.6404637 1.4822812 0.3068750
vt 0.1250000 0.4100000
v 0.6524188 1.4706831 0.3068750
vt 0.1250000 0.4450000
f 2349/2349 2350/2350 2351/2351 2352/2352
v 0.6524188 1.4706831 0.3068750
vt 0.1250000 0.4450000
v 0.6404637 1.4822812 0.3068750
vt 0.1250000 0.4100000
v 0.6458656 1.4822812 0.3006713
vt 0.1470000 0.4100000
v 0.6555375 1.4706831 0.3032931
vt 0.1470000 0.4450000
f 2353/2353 2354/2354 2355/2355 2356/2356
v 0.6555375 1.4706831 0.3032931
vt 0.1470000 0.4450000
v 0.6458656 1.4822812 0.3006713
vt 0.1470000 0.4100000
v 0.6600088 1.4822812 0.2968369
vt 0.1690000 0.4100000
v 0.6637031 1.4706831 0.3010794
vt 0.1690000 0.4450000
f 2357/2357 2358/2358 2359/2359 2360/2360
v 0.6637031 1.4706831 0.3010794
vt 0.1690000 0.4450000
v 0.6600088 1.4822812 0.2968369
vt 0.1690000 0.4100000
v 0.6774912 1.4822812 0.2968369
vt 0.1910000 0.4100000
v 0.6737969 1.4706831 0.3010794
vt 0.1910000 0.4450000
f 2361/2361 2362/2362 2363/2363 2364/2364
v 0.6737969 1.4706831 0.3010794
vt 0.1910000 0.4450000
v 0.6774912 1.4822812 0.2968369
vt 0.1910000 0.4100000
v 0.6916344 1.4822812 0.3006713
vt 0.2130000 0.4100000
v 0.6819625 1.4706831 0.3032931
vt 0.2130000 0.4450000
f 2365/2365 2366/2366 2367/2367 2368/2368
v 0.6819625 1.4706831 0.3032931
vt 0.2130000 0.4450000
v 0.6916344 1.4822812 0.3006713
vt 0.2130000 0.4100000
v 0.6970363 1.4822812 0.3068750
vt 0.2350000 0.4100000
v 0.6850812 1.4706831 0.3068750
vt 0.2350000 0.4450000
f 2369/2369 2370/2370 2371/2371 2372/2372
v 0.6970363 1.4822812 0.3068750
vt 0.0150000 0.4100000
v 0.7014125 1.4981250 0.3068750
vt 0.0150000 0.3750000
v 0.6951744 1.4981250 0.3140387
vt 0.0370000 0.3750000
v 0.6916344 1.4822812 0.3130788
vt 0.0370000 0.4100000
f 2373/2373 2374/2374 2375/2375 2376/2376
v 0.6916344 1.4822812 0.3130788
vt 0.0370000 0.4100000
v 0.6951744 1.4981250 0.3140387
vt 0.0370000 0.3750000
v 0.6788431 1.4981250 0.3184663
vt 0.0590000 0.3750000
v 0.6774912 1.4822812 0.3169131
vt 0.0590000 0.4100000
f 2377/2377 2378/2378 2379/2379 2380/2380
v 0.6774912 1.4822812 0.3169131
vt 0.0590000 0.4100000
v 0.6788431 1.4981250 0.3184663
vt 0.0590000 0.3750000
v 0.6586569 1.4981250 0.3184663
vt 0.0810000 0.3750000
v 0.6600088 1.4822812 0.3169131
vt 0.0810000 0.4100000
f 2381/2381 2382/2382 2383/2383 2384/2384
v 0.6600088 1.4822812 0.3169131
vt 0.0810000 0.4100000
v 0.6586569 1.4981250 0.3184663
vt 0.0810000 0.3750000
v 0.6423256 1.4981250 0.3140387
vt 0.1030000 0.3750000
v 0.6458656 1.4822812 0.3130788
vt 0.1030000 0.4100000
f 2385/2385 2386/2386 2387/2387 2388/2388
v 0.6458656 1.4822812 0.3130788
vt 0.1030000 0.4100000
v 0.6423256 1.4981250 0.3140387
vt 0.1030000 0.3750000
v 0.6360875 1.4981250 0.3068750
vt 0.1250000 0.3750000
v 0.6404637 1.4822812 0.3068750
vt 0.1250000 0.4100000
f 2389/2389 2390/2390 2391/2391 2392/2392
v 0.6404637 1.4822812 0.3068750
vt 0.1250000 0.4100000
v 0.6360875 1.4981250 0.3068750
vt 0.1250000 0.3750000
v 0.6423256 1.4981250 0.2997112
vt 0.1470000 0.3750000
v 0.6458656 1.4822812 0.3006713
vt 0.1470000 0.4100000
f 2393/2393 2394/2394 2395/2395 2396/2396
v 0.6458656 1.4822812 0.3006713
vt 0.1470000 0.4100000
v 0.6423256 1.4981250 0.2997112
vt 0.1470000 0.3750000
v 0.6586569 1.4981250 0.2952838
vt 0.1690000 0.3750000
v 0.6600088 1.4822812 0.2968369
vt 0.1690000 0.4100000
f 2397/2397 2398/2398 2399/2399 2400/2400
v 0.6600088 1.4822812 0.2968369
vt 0.1690000 0.4100000
v 0.6586569 1.4981250 0.2952838
vt 0.1690000 0.3750000
v 0.6788431 1.4981250 0.2952838
vt 0.1910000 0.3750000
v 0.6774912 1.4822812 0.2968369
vt 0.1910000 0.4100000
f 2401/2401 2402/2402 2403/2403 2404/2404
v 0.6774912 1.4822812 0.2968369
vt 0.1910000 0.4100000
v 0.6788431 1.4981250 0.2952838
vt 0.1910000 0.3750000
v 0.6951744 1.4981250 0.2997112
vt 0.2130000 0.3750000
v 0.6916344 1.4822812 0.3006713
vt 0.2130000 0.4100000
f 2405/2405 2406/2406 2407/2407 2408/2408
v 0.6916344 1.4822812 0.3006713
vt 0.2130000 0.4100000
v 0.6951744 1.4981250 0.2997112
vt 0.2130000 0.3750000
v 0.7014125 1.4981250 0.3068750
vt 0.2350000 0.3750000
v 0.6970363 1.4822812 0.3068750
vt 0.2350000 0.4100000
f 2409/2409 2410/2410 2411/2411 2412/2412
v 0.7014125 1.4981250 0.3068750
vt 0.0150000 0.3750000
v 0.6970363 1.5139688 0.3068750
vt 0.0150000 0.3400000
v 0.6916344 1.5139688 0.3130788
vt 0.0370000 0.3400000
v 0.6951744 1.4981250 0.3140387
vt 0.0370000 0.3750000
f 2413/2413 2414/2414 2415/2415 2416/2416
v 0.6951744 1.4981250 0.3140387
vt 0.0370000 0.3750000
v 0.6916344 1.5139688 0.3130788
vt 0.0370000 0.3400000
v 0.6774912 1.5139688 0.3169131
vt 0.0590000 0.3400000
v 0.6788431 1.4981250 0.3184663
vt 0.0590000 0.3750000
f 2417/2417 2418/2418 2419/2419 2420/2420
v 0.6788431 1.4981250 0.3184663
vt 0.0590000 0.3750000
v 0.6774912 1.5139688 0.3169131
vt 0.0590000 0.3400000
v 0.6600088 1.5139688 0.3169131
vt 0.0810000 0.3400000
v 0.6586569 1.4981250 0.3184663
vt 0.0810000 0.3750000
f 2421/2421 2422/2422 2423/2423 2424/2424
v 0.6586569 1.4981250 0.3184663
vt 0.0810000 0.3750000
v 0.6600088 1.5139688 0.3169131
vt 0.0810000 0.3400000
v 0.6458656 1.5139688 0.3130788
vt 0.1030000 0.3400000
v 0.6423256 1.4981250 0.3140387
vt 0.1030000 0.3750000
f 2425/2425 2426/2426 2427/2427 2428/2428
v 0.6423256 1.4981250 0.3140387
vt 0.1030000 0.3750000
v 0.6458656 1.5139688 0.3130788
vt 0.1030000 0.3400000
v 0.6404637 1.5139688 0.3068750
vt 0.1250000 0.3400000
v 0.6360875 1.4981250 0.3068750
vt 0.1250000 0.3750000
f 2429/2429 2430/2430 2431/2431 2432/2432
v 0.6360875 1.4981250 0.3068750
vt 0.1250000 0.3750000
v 0.6404637 1.5139688 0.3068750
vt 0.1250000 0.3400000
v 0.6458656 1.5139688 0.3006713
vt 0.1470000 0.3400000
v 0.6423256 1.4981250 0.2997112
vt 0.1470000 0.3750000
f 2433/2433 2434/2434 2435/2435 2436/2436
v 0.6423256 1.4981250 0.2997112
vt 0.1470000 0.3750000
v 0.6458656 1.5139688 0.3006713
vt 0.1470000 0.3400000
v 0.6600088 1.5139688 0.2968369
vt 0.1690000 0.3400000
v 0.6586569 1.4981250 0.2952838
vt 0.1690000 0.3750000
f 2437/2437 2438/2438 2439/2439 2440/2440
v 0.6586569 1.4981250 0.2952838
vt 0.1690000 0.3750000
v 0.6600088 1.5139688 0.2968369
vt 0.1690000 0.3400000
v 0.6774912 1.5139688 0.2968369
vt 0.1910000 0.3400000
v 0.6788431 1.4981250 0.2952838
vt 0.1910000 0.3750000
f 2441/2441 2442/2442 2443/2443 2444/2444
v 0.6788431 1.4981250 0.2952838
vt 0.1910000 0.3750000
v 0.6774912 1.5139688 0.2968369
vt 0.1910000 0.3400000
v 0.6916344 1.5139688 0.3006713
vt 0.2130000 0.3400000
v 0.6951744 1.4981250 0.2997112
vt 0.2130000 0.3750000
f 2445/2445 2446/2446 2447/2447 2448/2448
v 0.6951744 1.4981250 0.2997112
vt 0.2130000 0.3750000
v 0.6916344 1.5139688 0.3006713
vt 0.2130000 0.3400000
v 0.6970363 1.5139688 0.3068750
vt 0.2350000 0.3400000
v 0.7014125 1.4981250 0.3068750
vt 0.2350000 0.3750000
f 2449/2449 2450/2450 2451/2451 2452/2452
v 0.6970363 1.5139688 0.3068750
vt 0.0150000 0.3400000
v 0.6850812 1.5255669 0.3068750
vt 0.0150000 0.3050000
v 0.6819625 1.5255669 0.3104569
vt 0.0370000 0.3050000
v 0.6916344 1.5139688 0.3130788
vt 0.0370000 0.3400000
f 2453/2453 2454/2454 2455/2455 2456/2456
v 0.6916344 1.5139688 0.3130788
vt 0.0370000 0.3400000
v 0.6819625 1.5255669 0.3104569
vt 0.0370000 0.3050000
v 0.6737969 1.5255669 0.3126706
vt 0.0590000 0.3050000
v 0.6774912 1.5139688 0.3169131
vt 0.0590000 0.3400000
f 2457/2457 2458/2458 2459/2459 2460/2460
v 0.6774912 1.5139688 0.3169131
vt 0.0590000 0.3400000
v 0.6737969 1.5255669 0.3126706
vt 0.0590000 0.3050000
v 0.6637031 1.5255669 0.3126706
vt 0.0810000 0.3050000
v 0.6600088 1.5139688 0.3169131
vt 0.0810000 0.3400000
f 2461/2461 2462/2462 2463/2463 2464/2464
v 0.6600088 1.5139688 0.3169131
vt 0.0810000 0.3400000
v 0.6637031 1.5255669 0.3126706
vt 0.0810000 0.3050000
v 0.6555375 1.5255669 0.3104569
vt 0.1030000 0.3050000
v 0.6458656 1.5139688 0.3130788
vt 0.1030000 0.3400000
f 2465/2465 2466/2466 2467/2467 2468/2468
v 0.6458656 1.5139688 0.3130788
vt 0.1030000 0.3400000
v 0.6555375 1.5255669 0.3104569
vt 0.1030000 0.3050000
v 0.6524188 1.5255669 0.3068750
vt 0.1250000 0.3050000
v 0.6404637 1.5139688 0.3068750
vt 0.1250000 0.3400000
f 2469/2469 2470/2470 2471/2471 2472/2472
v 0.6404637 1.5139688 0.3068750
vt 0.1250000 0.3400000
v 0.6524188 1.5255669 0.3068750
vt 0.1250000 0.3050000
v 0.6555375 1.5255669 0.3032931
vt 0.1470000 0.3050000
v 0.6458656 1.5139688 0.3006713
vt 0.1470000 0.3400000
f 2473/2473 2474/2474 2475/2475 2476/2476
v 0.6458656 1.5139688 0.3006713
vt 0.1470000 0.3400000
v 0.6555375 1.5255669 0.3032931
vt 0.1470000 0.3050000
v 0.6637031 1.5255669 0.3010794
vt 0.1690000 0.3050000
v 0.6600088 1.5139688 0.2968369
vt 0.1690000 0.3400000
f 2477/2477 2478/2478 2479/2479 2480/2480
v 0.6600088 1.5139688 0.2968369
vt 0.1690000 0.3400000
v 0.6637031 1.5255669 0.3010794
vt 0.1690000 0.3050000
v 0.6737969 1.5255669 0.3010794
vt 0.1910000 0.3050000
v 0.6774912 1.5139688 0.2968369
vt 0.1910000 0.3400000
f 2481/2481 2482/2482 2483/2483 2484/2484
v 0.6774912 1.5139688 0.2968369
vt 0.1910000 0.3400000
v 0.6737969 1.5255669 0.3010794
vt 0.1910000 0.3050000
v 0.6819625 1.5255669 0.3032931
vt 0.2130000 0.3050000
v 0.6916344 1.5139688 0.3006713
vt 0.2130000 0.3400000
f 2485/2485 2486/2486 2487/2487 2488/2488
v 0.6916344 1.5139688 0.3006713
vt 0.2130000 0.3400000
v 0.6819625 1.5255669 0.3032931
vt 0.2130000 0.3050000
v 0.6850812 1.5255669 0.3068750
vt 0.2350000 0.3050000
v 0.6970363 1.5139688 0.3068750
vt 0.2350000 0.3400000
f 2489/2489 2490/2490 2491/2491 2492/2492
v 0.6850812 1.5255669 0.3068750
vt 0.0150000 0.3050000
v 0.6703125 1.5298125 0.3068750
vt 0.0150000 0.2700000
v 0.6700144 1.5298125 0.3077931
vt 0.0370000 0.2700000
v 0.6819625 1.5255669 0.3104569
vt 0.0370000 0.3050000
f 2493/2493 2494/2494 2495/2495 2496/2496
v 0.6819625 1.5255669 0.3104569
vt 0.0370000 0.3050000
v 0.6700144 1.5298125 0.3077931
vt 0.0370000 0.2700000
v 0.6692331 1.5298125 0.3083612
vt 0.0590000 0.2700000
v 0.6737969 1.5255669 0.3126706
vt 0.0590000 0.3050000
f 2497/2497 2498/2498 2499/2499 2500/2500
v 0.6737969 1.5255669 0.3126706
vt 0.0590000 0.3050000
v 0.6692331 1.5298125 0.3083612
vt 0.0590000 0.2700000
v 0.6682669 1.5298125 0.3083612
vt 0.0810000 0.2700000
v 0.6637031 1.5255669 0.3126706
vt 0.0810000 0.3050000
f 2501/2501 2502/2502 2503/2503 2504/2504
v 0.6637031 1.5255669 0.3126706
vt 0.0810000 0.3050000
v 0.6682669 1.5298125 0.3083612
vt 0.0810000 0.2700000
v 0.6674856 1.5298125 0.3077931
vt 0.1030000 0.2700000
v 0.6555375 1.5255669 0.3104569
vt 0.1030000 0.3050000
f 2505/2505 2506/2506 2507/2507 2508/2508
v 0.6555375 1.5255669 0.3104569
vt 0.1030000 0.3050000
v 0.6674856 1.5298125 0.3077931
vt 0.1030000 0.2700000
v 0.6671875 1.5298125 0.3068750
vt 0.1250000 0.2700000
v 0.6524188 1.5255669 0.3068750
vt 0.1250000 0.3050000
f 2509/2509 2510/2510 2511/2511 2512/2512
v 0.6524188 1.5255669 0.3068750
vt 0.1250000 0.3050000
v 0.6671875 1.5298125 0.3068750
vt 0.1250000 0.2700000
v 0.6674856 1.5298125 0.3059569
vt 0.1470000 0.2700000
v 0.6555375 1.5255669 0.3032931
vt 0.1470000 0.3050000
f 2513/2513 2514/2514 2515/2515 2516/2516
v 0.6555375 1.5255669 0.3032931
vt 0.1470000 0.3050000
v 0.6674856 1.5298125 0.3059569
vt 0.1470000 0.2700000
v 0.6682669 1.5298125 0.3053887
vt 0.1690000 0.2700000
v 0.6637031 1.5255669 0.3010794
vt 0.1690000 0.3050000
f 2517/2517 2518/2518 2519/2519 2520/2520
v 0.6637031 1.5255669 0.3010794
vt 0.1690000 0.3050000
v 0.6682669 1.5298125 0.3053887
vt 0.1690000 0.2700000
v 0.6692331 1.5298125 0.3053887
vt 0.1910000 0.2700000
v 0.6737969 1.5255669 0.3010794
vt 0.1910000 0.3050000
f 2521/2521 2522/2522 2523/2523 2524/2524
v 0.6737969 1.5255669 0.3010794
vt 0.1910000 0.3050000
v 0.6692331 1.5298125 0.3053887
vt 0.1910000 0.2700000
v 0.6700144 1.5298125 0.3059569
vt 0.2130000 0.2700000
v 0.6819625 1.5255669 0.3032931
vt 0.2130000 0.3050000
f 2525/2525 2526/2526 2527/2527 2528/2528
v 0.6819625 1.5255669 0.3032931
vt 0.2130000 0.3050000
v 0.6700144 1.5298125 0.3059569
vt 0.2130000 0.2700000
v 0.6703125 1.5298125 0.3068750
vt 0.2350000 0.2700000
v 0.6850812 1.5255669 0.3068750
vt 0.2350000 0.3050000
f 2529/2529 2530/2530 2531/2531 2532/2532
v 0.6687500 1.4664375 0.3068750
vt 0.2005208 0.3827986
v 0.6703125 1.4664375 0.3068750
vt 0.2007031 0.3827986
v 0.6700144 1.4664375 0.3077931
vt 0.2006683 0.3827272
f 2533/2533 2534/2534 2535/2535
v 0.6687500 1.4664375 0.3068750
vt 0.2005208 0.3827986
v 0.6700144 1.4664375 0.3077931
vt 0.2006683 0.3827272
v 0.6692331 1.4664375 0.3083612
vt 0.2005772 0.3826830
f 2536/2536 2537/2537 2538/2538
v 0.6687500 1.4664375 0.3068750
vt 0.2005208 0.3827986
v 0.6692331 1.4664375 0.3083612
vt 0.2005772 0.3826830
v 0.6682669 1.4664375 0.3083612
vt 0.2004645 0.3826830
f 2539/2539 2540/2540 2541/2541
v 0.6687500 1.4664375 0.3068750
vt 0.2005208 0.3827986
v 0.6682669 1.4664375 0.3083612
vt 0.2004645 0.3826830
v 0.6674856 1.4664375 0.3077931
vt 0.2003734 0.3827272
f 2542/2542 2543/2543 2544/2544
v 0.6687500 1.4664375 0.3068750
vt 0.2005208 0.3827986
v 0.6674856 1.4664375 0.3077931
vt 0.2003734 0.3827272
v 0.6671875 1.4664375 0.3068750
vt 0.2003385 0.3827986
f 2545/2545 2546/2546 2547/2547
v 0.6687500 1.4664375 0.3068750
vt 0.2005208 0.3827986
v 0.6671875 1.4664375 0.3068750
vt 0.2003385 0.3827986
v 0.6674856 1.4664375 0.3059569
vt 0.2003734 0.3828700
f 2548/2548 2549/2549 2550/2550
v 0.6687500 1.4664375 0.3068750
vt 0.2005208 0.3827986
v 0.6674856 1.4664375 0.3059569
vt 0.2003734 0.3828700
v 0.6682669 1.4664375 0.3053887
vt 0.2004645 0.3829142
f 2551/2551 2552/2552 2553/2553
v 0.6687500 1.4664375 0.3068750
vt 0.2005208 0.3827986
v 0.6682669 1.4664375 0.3053887
vt 0.2004645 0.3829142
v 0.6692331 1.4664375 0.3053887
vt 0.2005772 0.3829142
f 2554/2554 2555/2555 2556/2556
v 0.6687500 1.4664375 0.3068750
vt 0.2005208 0.3827986
v 0.6692331 1.4664375 0.3053887
vt 0.2005772 0.3829142
v 0.6700144 1.4664375 0.3059569
vt 0.2006683 0.3828700
f 2557/2557 2558/2558 2559/2559
v 0.6687500 1.4664375 0.3068750
vt 0.2005208 0.3827986
v 0.6700144 1.4664375 0.3059569
vt 0.2006683 0.3828700
v 0.6703125 1.4664375 0.3068750
vt 0.2007031 0.3827986
f 2560/2560 2561/2561 2562/2562
v 0.6700144 1.5298125 0.3077931
vt 0.2006683 0.3827272
v 0.6703125 1.5298125 0.3068750
vt 0.2007031 0.3827986
v 0.6687500 1.5298125 0.3068750
vt 0.2005208 0.3827986
f 2563/2563 2564/2564 2565/2565
v 0.6692331 1.5298125 0.3083612
vt 0.2005772 0.3826830
v 0.6700144 1.5298125 0.3077931
vt 0.2006683 0.3827272
v 0.6687500 1.5298125 0.3068750
vt 0.2005208 0.3827986
f 2566/2566 2567/2567 2568/2568
v 0.6682669 1.5298125 0.3083612
vt 0.2004645 0.3826830
v 0.6692331 1.5298125 0.3083612
vt 0.2005772 0.3826830
v 0.6687500 1.5298125 0.3068750
vt 0.2005208 0.3827986
f 2569/2569 2570/2570 2571/2571
v 0.6674856 1.5298125 0.3077931
vt 0.2003734 0.3827272
v 0.6682669 1.5298125 0.3083612
vt 0.2004645 0.3826830
v 0.6687500 1.5298125 0.3068750
vt 0.2005208 0.3827986
f 2572/2572 2573/2573 2574/2574
v 0.6671875 1.5298125 0.3068750
vt 0.2003385 0.3827986
v 0.6674856 1.5298125 0.3077931
vt 0.2003734 0.3827272
v 0.6687500 1.5298125 0.3068750
vt 0.2005208 0.3827986
f 2575/2575 2576/2576 2577/2577
v 0.6674856 1.5298125 0.3059569
vt 0.2003734 0.3828700
v 0.6671875 1.5298125 0.3068750
vt 0.2003385 0.3827986
v 0.6687500 1.5298125 0.3068750
vt 0.2005208 0.3827986
f 2578/2578 2579/2579 2580/2580
v 0.6682669 1.5298125 0.3053887
vt 0.2004645 0.3829142
v 0.6674856 1.5298125 0.3059569
vt 0.2003734 0.3828700
v 0.6687500 1.5298125 0.3068750
vt 0.2005208 0.3827986
f 2581/2581 2582/2582 2583/2583
v 0.6692331 1.5298125 0.3053887
vt 0.2005772 0.3829142
v 0.6682669 1.5298125 0.3053887
vt 0.2004645 0.3829142
v 0.6687500 1.5298125 0.3068750
vt 0.2005208 0.3827986
f 2584/2584 2585/2585 2586/2586
v 0.6700144 1.5298125 0.3059569
vt 0.2006683 0.3828700
v 0.6692331 1.5298125 0.3053887
vt 0.2005772 0.3829142
v 0.6687500 1.5298125 0.3068750
vt 0.2005208 0.3827986
f 2587/2587 2588/2588 2589/2589
v 0.6703125 1.5298125 0.3068750
vt 0.2007031 0.3827986
v 0.6700144 1.5298125 0.3059569
vt 0.2006683 0.3828700
v 0.6687500 1.5298125 0.3068750
vt 0.2005208 0.3827986
f 2590/2590 2591/2591 2592/2592
o EM_overflow_2
usemtl glow
v 0.3370744 1.6418169 0.3686694
vt 0.1655114 0.2789698
v 0.2993175 1.5862931 0.3342194
vt 0.1614922 0.2832883
v 0.2931087 1.5834237 0.3437500
vt 0.1626042 0.2835115
v 0.3321200 1.6407163 0.3750000
vt 0.1662500 0.2790554
f 2593/2593 2594/2594 2595/2595 2596/2596
v 0.3469662 1.6388813 0.3647569
vt 0.1629794 0.2791981
v 0.3141425 1.5860425 0.3283288
vt 0.1591500 0.2833078
v 0.2993175 1.5862931 0.3342194
vt 0.1574204 0.2832883
v 0.3370744 1.6418169 0.3686694
vt 0.1618254 0.2789698
f 2597/2597 2598/2598 2599/2599 2600/2600
v 0.3580169 1.6330312 0.3647569
vt 0.1642686 0.2796531
v 0.3319213 1.5827675 0.3283288
vt 0.1612241 0.2835625
v 0.3141425 1.5860425 0.3283288
vt 0.1591500 0.2833078
v 0.3469662 1.6388813 0.3647569
vt 0.1629794 0.2791981
f 2601/2601 2602/2602 2603/2603 2604/2604
v 0.3660050 1.6265006 0.3686694
vt 0.1652006 0.2801611
v 0.3458619 1.5777194 0.3342194
vt 0.1628506 0.2839552
v 0.3319213 1.5827675 0.3283288
vt 0.1612241 0.2835625
v 0.3580169 1.6330312 0.3647569
vt 0.1642686 0.2796531
f 2605/2605 2606/2606 2607/2607 2608/2608
v 0.3678800 1.6217838 0.3750000
vt 0.1662500 0.2805279
v 0.3506413 1.5728263 0.3437500
vt 0.1626042 0.2843358
v 0.3458619 1.5777194 0.3342194
vt 0.1614922 0.2839552
v 0.3660050 1.6265006 0.3686694
vt 0.1655114 0.2801611
f 2609/2609 2610/2610 2611/2611 2612/2612
v 0.3629256 1.6206831 0.3813306
vt 0.1669886 0.2806135
v 0.3444325 1.5699569 0.3532806
vt 0.1637161 0.2845589
v 0.3506413 1.5728263 0.3437500
vt 0.1626042 0.2843358
v 0.3678800 1.6217838 0.3750000
vt 0.1662500 0.2805279
f 2613/2613 2614/2614 2615/2615 2616/2616
v 0.3530337 1.6236188 0.3852431
vt 0.1636873 0.2803852
v 0.3296075 1.5702075 0.3591712
vt 0.1609542 0.2845394
v 0.3444325 1.5699569 0.3532806
vt 0.1626838 0.2845589
v 0.3629256 1.6206831 0.3813306
vt 0.1648413 0.2806135
f 2617/2617 2618/2618 2619/2619 2620/2620
v 0.3419831 1.6294688 0.3852431
vt 0.1623980 0.2799302
v 0.3118287 1.5734825 0.3591712
vt 0.1588800 0.2842847
v 0.3296075 1.5702075 0.3591712
vt 0.1609542 0.2845394
v 0.3530337 1.6236188 0.3852431
vt 0.1636873 0.2803852
f 2621/2621 2622/2622 2623/2623 2624/2624
v 0.3339950 1.6359994 0.3813306
vt 0.1614661 0.2794223
v 0.2978881 1.5785306 0.3532806
vt 0.1572536 0.2838921
v 0.3118287 1.5734825 0.3591712
vt 0.1588800 0.2842847
v 0.3419831 1.6294688 0.3852431
vt 0.1623980 0.2799302
f 2625/2625 2626/2626 2627/2627 2628/2628
v 0.3321200 1.6407163 0.3750000
vt 0.1662500 0.2790554
v 0.2931087 1.5834237 0.3437500
vt 0.1626042 0.2835115
v 0.2978881 1.5785306 0.3532806
vt 0.1637161 0.2838921
v 0.3339950 1.6359994 0.3813306
vt 0.1669886 0.2794223
f 2629/2629 2630/2630 2631/2631 2632/2632
v 0.2993175 1.5862931 0.3342194
vt 0.1614922 0.2832883
v 0.3118287 1.5144044 0.3179575
vt 0.1595950 0.2888797
v 0.3079156 1.5134400 0.3250000
vt 0.1604167 0.2889547
v 0.2931087 1.5834237 0.3437500
vt 0.1626042 0.2835115
f 2633/2633 2634/2634 2635/2635 2636/2636
v 0.3141425 1.5860425 0.3283288
vt 0.1591500 0.2833078
v 0.3219663 1.5146412 0.3136050
vt 0.1600627 0.2888612
v 0.3118287 1.5144044 0.3179575
vt 0.1588800 0.2888797
v 0.2993175 1.5862931 0.3342194
vt 0.1574204 0.2832883
f 2637/2637 2638/2638 2639/2639 2640/2640
v 0.3319213 1.5827675 0.3283288
vt 0.1612241 0.2835625
v 0.3344563 1.5140606 0.3136050
vt 0.1615199 0.2889064
v 0.3219663 1.5146412 0.3136050
vt 0.1600627 0.2888612
v 0.3141425 1.5860425 0.3283288
vt 0.1591500 0.2833078
f 2641/2641 2642/2642 2643/2643 2644/2644
v 0.3458619 1.5777194 0.3342194
vt 0.1628506 0.2839552
v 0.3445281 1.5128838 0.3179575
vt 0.1626949 0.2889980
v 0.3344563 1.5140606 0.3136050
vt 0.1615199 0.2889064
v 0.3319213 1.5827675 0.3283288
vt 0.1612241 0.2835625
f 2645/2645 2646/2646 2647/2647 2648/2648
v 0.3506413 1.5728263 0.3437500
vt 0.1626042 0.2843358
v 0.3483344 1.5115600 0.3250000
vt 0.1604167 0.2891009
v 0.3445281 1.5128838 0.3179575
vt 0.1595950 0.2889980
v 0.3458619 1.5777194 0.3342194
vt 0.1614922 0.2839552
f 2649/2649 2650/2650 2651/2651 2652/2652
v 0.3444325 1.5699569 0.3532806
vt 0.1637161 0.2845589
v 0.3444213 1.5105956 0.3320425
vt 0.1612383 0.2891759
v 0.3483344 1.5115600 0.3250000
vt 0.1604167 0.2891009
v 0.3506413 1.5728263 0.3437500
vt 0.1626042 0.2843358
f 2653/2653 2654/2654 2655/2655 2656/2656
v 0.3296075 1.5702075 0.3591712
vt 0.1609542 0.2845394
v 0.3342837 1.5103587 0.3363950
vt 0.1614998 0.2891943
v 0.3444213 1.5105956 0.3320425
vt 0.1626825 0.2891759
v 0.3444325 1.5699569 0.3532806
vt 0.1626838 0.2845589
f 2657/2657 2658/2658 2659/2659 2660/2660
v 0.3118287 1.5734825 0.3591712
vt 0.1588800 0.2842847
v 0.3217937 1.5109394 0.3363950
vt 0.1600426 0.2891492
v 0.3342837 1.5103587 0.3363950
vt 0.1614998 0.2891943
v 0.3296075 1.5702075 0.3591712
vt 0.1609542 0.2845394
f 2661/2661 2662/2662 2663/2663 2664/2664
v 0.2978881 1.5785306 0.3532806
vt 0.1572536 0.2838921
v 0.3117219 1.5121163 0.3320425
vt 0.1588676 0.2890576
v 0.3217937 1.5109394 0.3363950
vt 0.1600426 0.2891492
v 0.3118287 1.5734825 0.3591712
vt 0.1588800 0.2842847
f 2665/2665 2666/2666 2667/2667 2668/2668
v 0.2931087 1.5834237 0.3437500
vt 0.1626042 0.2835115
v 0.3079156 1.5134400 0.3250000
vt 0.1604167 0.2889547
v 0.3117219 1.5121163 0.3320425
vt 0.1612383 0.2890576
v 0.2978881 1.5785306 0.3532806
vt 0.1637161 0.2838921
f 2669/2669 2670/2670 2671/2671 2672/2672
v 0.3118287 1.5144044 0.3179575
vt 0.1595950 0.2888797
v 0.2895500 1.4491181 0.3102700
vt 0.1586982 0.2939575
v 0.2833950 1.4503856 0.3218750
vt 0.1600521 0.2938589
v 0.3079156 1.5134400 0.3250000
vt 0.1604167 0.2889547
f 2673/2673 2674/2674 2675/2675 2676/2676
v 0.3219663 1.5146412 0.3136050
vt 0.1600627 0.2888612
v 0.3056650 1.4458006 0.3030975
vt 0.1581609 0.2942155
v 0.2895500 1.4491181 0.3102700
vt 0.1562809 0.2939575
v 0.3118287 1.5144044 0.3179575
vt 0.1588800 0.2888797
f 2677/2677 2678/2678 2679/2679 2680/2680
v 0.3344563 1.5140606 0.3136050
vt 0.1615199 0.2889064
v 0.3255850 1.4416994 0.3030975
vt 0.1604849 0.2945345
v 0.3056650 1.4458006 0.3030975
vt 0.1581609 0.2942155
v 0.3219663 1.5146412 0.3136050
vt 0.1600627 0.2888612
f 2681/2681 2682/2682 2683/2683 2684/2684
v 0.3445281 1.5128838 0.3179575
vt 0.1626949 0.2889980
v 0.3417000 1.4383819 0.3102700
vt 0.1623650 0.2947925
v 0.3255850 1.4416994 0.3030975
vt 0.1604849 0.2945345
v 0.3344563 1.5140606 0.3136050
vt 0.1615199 0.2889064
f 2685/2685 2686/2686 2687/2687 2688/2688
v 0.3483344 1.5115600 0.3250000
vt 0.1604167 0.2891009
v 0.3478550 1.4371144 0.3218750
vt 0.1600521 0.2948911
v 0.3417000 1.4383819 0.3102700
vt 0.1586982 0.2947925
v 0.3445281 1.5128838 0.3179575
vt 0.1595950 0.2889980
f 2689/2689 2690/2690 2691/2691 2692/2692
v 0.3444213 1.5105956 0.3320425
vt 0.1612383 0.2891759
v 0.3417000 1.4383819 0.3334800
vt 0.1614060 0.2947925
v 0.3478550 1.4371144 0.3218750
vt 0.1600521 0.2948911
v 0.3483344 1.5115600 0.3250000
vt 0.1604167 0.2891009
f 2693/2693 2694/2694 2695/2695 2696/2696
v 0.3342837 1.5103587 0.3363950
vt 0.1614998 0.2891943
v 0.3255850 1.4416994 0.3406525
vt 0.1604849 0.2945345
v 0.3417000 1.4383819 0.3334800
vt 0.1623650 0.2947925
v 0.3444213 1.5105956 0.3320425
vt 0.1626825 0.2891759
f 2697/2697 2698/2698 2699/2699 2700/2700
v 0.3217937 1.5109394 0.3363950
vt 0.1600426 0.2891492
v 0.3056650 1.4458006 0.3406525
vt 0.1581609 0.2942155
v 0.3255850 1.4416994 0.3406525
vt 0.1604849 0.2945345
v 0.3342837 1.5103587 0.3363950
vt 0.1614998 0.2891943
f 2701/2701 2702/2702 2703/2703 2704/2704
v 0.3117219 1.5121163 0.3320425
vt 0.1588676 0.2890576
v 0.2895500 1.4491181 0.3334800
vt 0.1562809 0.2939575
v 0.3056650 1.4458006 0.3406525
vt 0.1581609 0.2942155
v 0.3217937 1.5109394 0.3363950
vt 0.1600426 0.2891492
f 2705/2705 2706/2706 2707/2707 2708/2708
v 0.3079156 1.5134400 0.3250000
vt 0.1604167 0.2889547
v 0.2833950 1.4503856 0.3218750
vt 0.1600521 0.2938589
v 0.2895500 1.4491181 0.3334800
vt 0.1614060 0.2939575
v 0.3117219 1.5121163 0.3320425
vt 0.1612383 0.2890576
f 2709/2709 2710/2710 2711/2711 2712/2712
v 0.2895500 1.4491181 0.3102700
vt 0.1586982 0.2939575
v 0.2973425 1.4081475 0.3210456
vt 0.1599553 0.2971441
v 0.2953356 1.4089787 0.3250000
vt 0.1604167 0.2970794
v 0.2833950 1.4503856 0.3218750
vt 0.1600521 0.2938589
f 2713/2713 2714/2714 2715/2715 2716/2716
v 0.3056650 1.4458006 0.3030975
vt 0.1581609 0.2942155
v 0.3027519 1.4065912 0.3186013
vt 0.1578211 0.2972651
v 0.2973425 1.4081475 0.3210456
vt 0.1571900 0.2971441
v 0.2895500 1.4491181 0.3102700
vt 0.1562809 0.2939575
f 2717/2717 2718/2718 2719/2719 2720/2720
v 0.3255850 1.4416994 0.3030975
vt 0.1604849 0.2945345
v 0.3094969 1.4049050 0.3186013
vt 0.1586080 0.2973963
v 0.3027519 1.4065912 0.3186013
vt 0.1578211 0.2972651
v 0.3056650 1.4458006 0.3030975
vt 0.1581609 0.2942155
f 2721/2721 2722/2722 2723/2723 2724/2724
v 0.3417000 1.4383819 0.3102700
vt 0.1623650 0.2947925
v 0.3150019 1.4037325 0.3210456
vt 0.1592502 0.2974875
v 0.3094969 1.4049050 0.3186013
vt 0.1586080 0.2973963
v 0.3255850 1.4416994 0.3030975
vt 0.1604849 0.2945345
f 2725/2725 2726/2726 2727/2727 2728/2728
v 0.3478550 1.4371144 0.3218750
vt 0.1600521 0.2948911
v 0.3171644 1.4035213 0.3250000
vt 0.1604167 0.2975039
v 0.3150019 1.4037325 0.3210456
vt 0.1599553 0.2974875
v 0.3417000 1.4383819 0.3102700
vt 0.1586982 0.2947925
f 2729/2729 2730/2730 2731/2731 2732/2732
v 0.3417000 1.4383819 0.3334800
vt 0.1614060 0.2947925
v 0.3151575 1.4043525 0.3289544
vt 0.1608780 0.2974392
v 0.3171644 1.4035213 0.3250000
vt 0.1604167 0.2975039
v 0.3478550 1.4371144 0.3218750
vt 0.1600521 0.2948911
f 2733/2733 2734/2734 2735/2735 2736/2736
v 0.3255850 1.4416994 0.3406525
vt 0.1604849 0.2945345
v 0.3097481 1.4059088 0.3313988
vt 0.1586373 0.2973182
v 0.3151575 1.4043525 0.3289544
vt 0.1592683 0.2974392
v 0.3417000 1.4383819 0.3334800
vt 0.1623650 0.2947925
f 2737/2737 2738/2738 2739/2739 2740/2740
v 0.3056650 1.4458006 0.3406525
vt 0.1581609 0.2942155
v 0.3030031 1.4075950 0.3313988
vt 0.1578503 0.2971871
v 0.3097481 1.4059088 0.3313988
vt 0.1586373 0.2973182
v 0.3255850 1.4416994 0.3406525
vt 0.1604849 0.2945345
f 2741/2741 2742/2742 2743/2743 2744/2744
v 0.2895500 1.4491181 0.3334800
vt 0.1562809 0.2939575
v 0.2974981 1.4087675 0.3289544
vt 0.1572081 0.2970959
v 0.3030031 1.4075950 0.3313988
vt 0.1578503 0.2971871
v 0.3056650 1.4458006 0.3406525
vt 0.1581609 0.2942155
f 2745/2745 2746/2746 2747/2747 2748/2748
v 0.2833950 1.4503856 0.3218750
vt 0.1600521 0.2938589
v 0.2953356 1.4089787 0.3250000
vt 0.1604167 0.2970794
v 0.2974981 1.4087675 0.3289544
vt 0.1608780 0.2970959
v 0.2895500 1.4491181 0.3334800
vt 0.1614060 0.2939575
f 2749/2749 2750/2750 2751/2751 2752/2752
v 0.3370744 1.6418169 0.3686694
vt 0.1618254 0.3779924
v 0.3321200 1.6407163 0.3750000
vt 0.1612473 0.3775000
v 0.3500000 1.6312500 0.3750000
vt 0.1633333 0.3775000
f 2753/2753 2754/2754 2755/2755
v 0.3469662 1.6388813 0.3647569
vt 0.1629794 0.3782967
v 0.3370744 1.6418169 0.3686694
vt 0.1618254 0.3779924
v 0.3500000 1.6312500 0.3750000
vt 0.1633333 0.3775000
f 2756/2756 2757/2757 2758/2758
v 0.3580169 1.6330312 0.3647569
vt 0.1642686 0.3782967
v 0.3469662 1.6388813 0.3647569
vt 0.1629794 0.3782967
v 0.3500000 1.6312500 0.3750000
vt 0.1633333 0.3775000
f 2759/2759 2760/2760 2761/2761
v 0.3660050 1.6265006 0.3686694
vt 0.1652006 0.3779924
v 0.3580169 1.6330312 0.3647569
vt 0.1642686 0.3782967
v 0.3500000 1.6312500 0.3750000
vt 0.1633333 0.3775000
f 2762/2762 2763/2763 2764/2764
v 0.3678800 1.6217838 0.3750000
vt 0.1654193 0.3775000
v 0.3660050 1.6265006 0.3686694
vt 0.1652006 0.3779924
v 0.3500000 1.6312500 0.3750000
vt 0.1633333 0.3775000
f 2765/2765 2766/2766 2767/2767
v 0.3629256 1.6206831 0.3813306
vt 0.1648413 0.3770076
v 0.3678800 1.6217838 0.3750000
vt 0.1654193 0.3775000
v 0.3500000 1.6312500 0.3750000
vt 0.1633333 0.3775000
f 2768/2768 2769/2769 2770/2770
v 0.3530337 1.6236188 0.3852431
vt 0.1636873 0.3767033
v 0.3629256 1.6206831 0.3813306
vt 0.1648413 0.3770076
v 0.3500000 1.6312500 0.3750000
vt 0.1633333 0.3775000
f 2771/2771 2772/2772 2773/2773
v 0.3419831 1.6294688 0.3852431
vt 0.1623980 0.3767033
v 0.3530337 1.6236188 0.3852431
vt 0.1636873 0.3767033
v 0.3500000 1.6312500 0.3750000
vt 0.1633333 0.3775000
f 2774/2774 2775/2775 2776/2776
v 0.3339950 1.6359994 0.3813306
vt 0.1614661 0.3770076
v 0.3419831 1.6294688 0.3852431
vt 0.1623980 0.3767033
v 0.3500000 1.6312500 0.3750000
vt 0.1633333 0.3775000
f 2777/2777 2778/2778 2779/2779
v 0.3321200 1.6407163 0.3750000
vt 0.1612473 0.3775000
v 0.3339950 1.6359994 0.3813306
vt 0.1614661 0.3770076
v 0.3500000 1.6312500 0.3750000
vt 0.1633333 0.3775000
f 2780/2780 2781/2781 2782/2782
v 0.3062500 1.4062500 0.3250000
vt 0.1582292 0.3813889
v 0.2953356 1.4089787 0.3250000
vt 0.1569559 0.3813889
v 0.2973425 1.4081475 0.3210456
vt 0.1571900 0.3816965
f 2783/2783 2784/2784 2785/2785
v 0.3062500 1.4062500 0.3250000
vt 0.1582292 0.3813889
v 0.2973425 1.4081475 0.3210456
vt 0.1571900 0.3816965
v 0.3027519 1.4065912 0.3186013
vt 0.1578211 0.3818866
f 2786/2786 2787/2787 2788/2788
v 0.3062500 1.4062500 0.3250000
vt 0.1582292 0.3813889
v 0.3027519 1.4065912 0.3186013
vt 0.1578211 0.3818866
v 0.3094969 1.4049050 0.3186013
vt 0.1586080 0.3818866
f 2789/2789 2790/2790 2791/2791
v 0.3062500 1.4062500 0.3250000
vt 0.1582292 0.3813889
v 0.3094969 1.4049050 0.3186013
vt 0.1586080 0.3818866
v 0.3150019 1.4037325 0.3210456
vt 0.1592502 0.3816965
f 2792/2792 2793/2793 2794/2794
v 0.3062500 1.4062500 0.3250000
vt 0.1582292 0.3813889
v 0.3150019 1.4037325 0.3210456
vt 0.1592502 0.3816965
v 0.3171644 1.4035213 0.3250000
vt 0.1595025 0.3813889
f 2795/2795 2796/2796 2797/2797
v 0.3062500 1.4062500 0.3250000
vt 0.1582292 0.3813889
v 0.3171644 1.4035213 0.3250000
vt 0.1595025 0.3813889
v 0.3151575 1.4043525 0.3289544
vt 0.1592683 0.3810813
f 2798/2798 2799/2799 2800/2800
v 0.3062500 1.4062500 0.3250000
vt 0.1582292 0.3813889
v 0.3151575 1.4043525 0.3289544
vt 0.1592683 0.3810813
v 0.3097481 1.4059088 0.3313988
vt 0.1586373 0.3808912
f 2801/2801 2802/2802 2803/2803
v 0.3062500 1.4062500 0.3250000
vt 0.1582292 0.3813889
v 0.3097481 1.4059088 0.3313988
vt 0.1586373 0.3808912
v 0.3030031 1.4075950 0.3313988
vt 0.1578503 0.3808912
f 2804/2804 2805/2805 2806/2806
v 0.3062500 1.4062500 0.3250000
vt 0.1582292 0.3813889
v 0.3030031 1.4075950 0.3313988
vt 0.1578503 0.3808912
v 0.2974981 1.4087675 0.3289544
vt 0.1572081 0.3810813
f 2807/2807 2808/2808 2809/2809
v 0.3062500 1.4062500 0.3250000
vt 0.1582292 0.3813889
v 0.2974981 1.4087675 0.3289544
vt 0.1572081 0.3810813
v 0.2953356 1.4089787 0.3250000
vt 0.1569559 0.3813889
f 2810/2810 2811/2811 2812/2812
o EM_rounded_overflow_end_2
usemtl glow
v 0.3171875 1.4039375 0.3175000
vt 0.0150000 0.4800000
v 0.3319563 1.4081831 0.3175000
vt 0.0150000 0.4450000
v 0.3288375 1.4081831 0.3210819
vt 0.0370000 0.4450000
v 0.3168894 1.4039375 0.3184181
vt 0.0370000 0.4800000
f 2813/2813 2814/2814 2815/2815 2816/2816
v 0.3168894 1.4039375 0.3184181
vt 0.0370000 0.4800000
v 0.3288375 1.4081831 0.3210819
vt 0.0370000 0.4450000
v 0.3206719 1.4081831 0.3232956
vt 0.0590000 0.4450000
v 0.3161081 1.4039375 0.3189863
vt 0.0590000 0.4800000
f 2817/2817 2818/2818 2819/2819 2820/2820
v 0.3161081 1.4039375 0.3189863
vt 0.0590000 0.4800000
v 0.3206719 1.4081831 0.3232956
vt 0.0590000 0.4450000
v 0.3105781 1.4081831 0.3232956
vt 0.0810000 0.4450000
v 0.3151419 1.4039375 0.3189863
vt 0.0810000 0.4800000
f 2821/2821 2822/2822 2823/2823 2824/2824
v 0.3151419 1.4039375 0.3189863
vt 0.0810000 0.4800000
v 0.3105781 1.4081831 0.3232956
vt 0.0810000 0.4450000
v 0.3024125 1.4081831 0.3210819
vt 0.1030000 0.4450000
v 0.3143606 1.4039375 0.3184181
vt 0.1030000 0.4800000
f 2825/2825 2826/2826 2827/2827 2828/2828
v 0.3143606 1.4039375 0.3184181
vt 0.1030000 0.4800000
v 0.3024125 1.4081831 0.3210819
vt 0.1030000 0.4450000
v 0.2992938 1.4081831 0.3175000
vt 0.1250000 0.4450000
v 0.3140625 1.4039375 0.3175000
vt 0.1250000 0.4800000
f 2829/2829 2830/2830 2831/2831 2832/2832
v 0.3140625 1.4039375 0.3175000
vt 0.1250000 0.4800000
v 0.2992938 1.4081831 0.3175000
vt 0.1250000 0.4450000
v 0.3024125 1.4081831 0.3139181
vt 0.1470000 0.4450000
v 0.3143606 1.4039375 0.3165819
vt 0.1470000 0.4800000
f 2833/2833 2834/2834 2835/2835 2836/2836
v 0.3143606 1.4039375 0.3165819
vt 0.1470000 0.4800000
v 0.3024125 1.4081831 0.3139181
vt 0.1470000 0.4450000
v 0.3105781 1.4081831 0.3117044
vt 0.1690000 0.4450000
v 0.3151419 1.4039375 0.3160137
vt 0.1690000 0.4800000
f 2837/2837 2838/2838 2839/2839 2840/2840
v 0.3151419 1.4039375 0.3160137
vt 0.1690000 0.4800000
v 0.3105781 1.4081831 0.3117044
vt 0.1690000 0.4450000
v 0.3206719 1.4081831 0.3117044
vt 0.1910000 0.4450000
v 0.3161081 1.4039375 0.3160137
vt 0.1910000 0.4800000
f 2841/2841 2842/2842 2843/2843 2844/2844
v 0.3161081 1.4039375 0.3160137
vt 0.1910000 0.4800000
v 0.3206719 1.4081831 0.3117044
vt 0.1910000 0.4450000
v 0.3288375 1.4081831 0.3139181
vt 0.2130000 0.4450000
v 0.3168894 1.4039375 0.3165819
vt 0.2130000 0.4800000
f 2845/2845 2846/2846 2847/2847 2848/2848
v 0.3168894 1.4039375 0.3165819
vt 0.2130000 0.4800000
v 0.3288375 1.4081831 0.3139181
vt 0.2130000 0.4450000
v 0.3319563 1.4081831 0.3175000
vt 0.2350000 0.4450000
v 0.3171875 1.4039375 0.3175000
vt 0.2350000 0.4800000
f 2849/2849 2850/2850 2851/2851 2852/2852
v 0.3319563 1.4081831 0.3175000
vt 0.0150000 0.4450000
v 0.3439113 1.4197812 0.3175000
vt 0.0150000 0.4100000
v 0.3385094 1.4197812 0.3237038
vt 0.0370000 0.4100000
v 0.3288375 1.4081831 0.3210819
vt 0.0370000 0.4450000
f 2853/2853 2854/2854 2855/2855 2856/2856
v 0.3288375 1.4081831 0.3210819
vt 0.0370000 0.4450000
v 0.3385094 1.4197812 0.3237038
vt 0.0370000 0.4100000
v 0.3243663 1.4197812 0.3275381
vt 0.0590000 0.4100000
v 0.3206719 1.4081831 0.3232956
vt 0.0590000 0.4450000
f 2857/2857 2858/2858 2859/2859 2860/2860
v 0.3206719 1.4081831 0.3232956
vt 0.0590000 0.4450000
v 0.3243663 1.4197812 0.3275381
vt 0.0590000 0.4100000
v 0.3068838 1.4197812 0.3275381
vt 0.0810000 0.4100000
v 0.3105781 1.4081831 0.3232956
vt 0.0810000 0.4450000
f 2861/2861 2862/2862 2863/2863 2864/2864
v 0.3105781 1.4081831 0.3232956
vt 0.0810000 0.4450000
v 0.3068838 1.4197812 0.3275381
vt 0.0810000 0.4100000
v 0.2927406 1.4197812 0.3237038
vt 0.1030000 0.4100000
v 0.3024125 1.4081831 0.3210819
vt 0.1030000 0.4450000
f 2865/2865 2866/2866 2867/2867 2868/2868
v 0.3024125 1.4081831 0.3210819
vt 0.1030000 0.4450000
v 0.2927406 1.4197812 0.3237038
vt 0.1030000 0.4100000
v 0.2873387 1.4197812 0.3175000
vt 0.1250000 0.4100000
v 0.2992938 1.4081831 0.3175000
vt 0.1250000 0.4450000
f 2869/2869 2870/2870 2871/2871 2872/2872
v 0.2992938 1.4081831 0.3175000
vt 0.1250000 0.4450000
v 0.2873387 1.4197812 0.3175000
vt 0.1250000 0.4100000
v 0.2927406 1.4197812 0.3112962
vt 0.1470000 0.4100000
v 0.3024125 1.4081831 0.3139181
vt 0.1470000 0.4450000
f 2873/2873 2874/2874 2875/2875 2876/2876
v 0.3024125 1.4081831 0.3139181
vt 0.1470000 0.4450000
v 0.2927406 1.4197812 0.3112962
vt 0.1470000 0.4100000
v 0.3068838 1.4197812 0.3074619
vt 0.1690000 0.4100000
v 0.3105781 1.4081831 0.3117044
vt 0.1690000 0.4450000
f 2877/2877 2878/2878 2879/2879 2880/2880
v 0.3105781 1.4081831 0.3117044
vt 0.1690000 0.4450000
v 0.3068838 1.4197812 0.3074619
vt 0.1690000 0.4100000
v 0.3243663 1.4197812 0.3074619
vt 0.1910000 0.4100000
v 0.3206719 1.4081831 0.3117044
vt 0.1910000 0.4450000
f 2881/2881 2882/2882 2883/2883 2884/2884
v 0.3206719 1.4081831 0.3117044
vt 0.1910000 0.4450000
v 0.3243663 1.4197812 0.3074619
vt 0.1910000 0.4100000
v 0.3385094 1.4197812 0.3112962
vt 0.2130000 0.4100000
v 0.3288375 1.4081831 0.3139181
vt 0.2130000 0.4450000
f 2885/2885 2886/2886 2887/2887 2888/2888
v 0.3288375 1.4081831 0.3139181
vt 0.2130000 0.4450000
v 0.3385094 1.4197812 0.3112962
vt 0.2130000 0.4100000
v 0.3439113 1.4197812 0.3175000
vt 0.2350000 0.4100000
v 0.3319563 1.4081831 0.3175000
vt 0.2350000 0.4450000
f 2889/2889 2890/2890 2891/2891 2892/2892
v 0.3439113 1.4197812 0.3175000
vt 0.0150000 0.4100000
v 0.3482875 1.4356250 0.3175000
vt 0.0150000 0.3750000
v 0.3420494 1.4356250 0.3246637
vt 0.0370000 0.3750000
v 0.3385094 1.4197812 0.3237038
vt 0.0370000 0.4100000
f 2893/2893 2894/2894 2895/2895 2896/2896
v 0.3385094 1.4197812 0.3237038
vt 0.0370000 0.4100000
v 0.3420494 1.4356250 0.3246637
vt 0.0370000 0.3750000
v 0.3257181 1.4356250 0.3290913
vt 0.0590000 0.3750000
v 0.3243663 1.4197812 0.3275381
vt 0.0590000 0.4100000
f 2897/2897 2898/2898 2899/2899 2900/2900
v 0.3243663 1.4197812 0.3275381
vt 0.0590000 0.4100000
v 0.3257181 1.4356250 0.3290913
vt 0.0590000 0.3750000
v 0.3055319 1.4356250 0.3290913
vt 0.0810000 0.3750000
v 0.3068838 1.4197812 0.3275381
vt 0.0810000 0.4100000
f 2901/2901 2902/2902 2903/2903 2904/2904
v 0.3068838 1.4197812 0.3275381
vt 0.0810000 0.4100000
v 0.3055319 1.4356250 0.3290913
vt 0.0810000 0.3750000
v 0.2892006 1.4356250 0.3246637
vt 0.1030000 0.3750000
v 0.2927406 1.4197812 0.3237038
vt 0.1030000 0.4100000
f 2905/2905 2906/2906 2907/2907 2908/2908
v 0.2927406 1.4197812 0.3237038
vt 0.1030000 0.4100000
v 0.2892006 1.4356250 0.3246637
vt 0.1030000 0.3750000
v 0.2829625 1.4356250 0.3175000
vt 0.1250000 0.3750000
v 0.2873387 1.4197812 0.3175000
vt 0.1250000 0.4100000
f 2909/2909 2910/2910 2911/2911 2912/2912
v 0.2873387 1.4197812 0.3175000
vt 0.1250000 0.4100000
v 0.2829625 1.4356250 0.3175000
vt 0.1250000 0.3750000
v 0.2892006 1.4356250 0.3103362
vt 0.1470000 0.3750000
v 0.2927406 1.4197812 0.3112962
vt 0.1470000 0.4100000
f 2913/2913 2914/2914 2915/2915 2916/2916
v 0.2927406 1.4197812 0.3112962
vt 0.1470000 0.4100000
v 0.2892006 1.4356250 0.3103362
vt 0.1470000 0.3750000
v 0.3055319 1.4356250 0.3059088
vt 0.1690000 0.3750000
v 0.3068838 1.4197812 0.3074619
vt 0.1690000 0.4100000
f 2917/2917 2918/2918 2919/2919 2920/2920
v 0.3068838 1.4197812 0.3074619
vt 0.1690000 0.4100000
v 0.3055319 1.4356250 0.3059088
vt 0.1690000 0.3750000
v 0.3257181 1.4356250 0.3059088
vt 0.1910000 0.3750000
v 0.3243663 1.4197812 0.3074619
vt 0.1910000 0.4100000
f 2921/2921 2922/2922 2923/2923 2924/2924
v 0.3243663 1.4197812 0.3074619
vt 0.1910000 0.4100000
v 0.3257181 1.4356250 0.3059088
vt 0.1910000 0.3750000
v 0.3420494 1.4356250 0.3103362
vt 0.2130000 0.3750000
v 0.3385094 1.4197812 0.3112962
vt 0.2130000 0.4100000
f 2925/2925 2926/2926 2927/2927 2928/2928
v 0.3385094 1.4197812 0.3112962
vt 0.2130000 0.4100000
v 0.3420494 1.4356250 0.3103362
vt 0.2130000 0.3750000
v 0.3482875 1.4356250 0.3175000
vt 0.2350000 0.3750000
v 0.3439113 1.4197812 0.3175000
vt 0.2350000 0.4100000
f 2929/2929 2930/2930 2931/2931 2932/2932
v 0.3482875 1.4356250 0.3175000
vt 0.0150000 0.3750000
v 0.3439113 1.4514688 0.3175000
vt 0.0150000 0.3400000
v 0.3385094 1.4514688 0.3237038
vt 0.0370000 0.3400000
v 0.3420494 1.4356250 0.3246637
vt 0.0370000 0.3750000
f 2933/2933 2934/2934 2935/2935 2936/2936
v 0.3420494 1.4356250 0.3246637
vt 0.0370000 0.3750000
v 0.3385094 1.4514688 0.3237038
vt 0.0370000 0.3400000
v 0.3243663 1.4514688 0.3275381
vt 0.0590000 0.3400000
v 0.3257181 1.4356250 0.3290913
vt 0.0590000 0.3750000
f 2937/2937 2938/2938 2939/2939 2940/2940
v 0.3257181 1.4356250 0.3290913
vt 0.0590000 0.3750000
v 0.3243663 1.4514688 0.3275381
vt 0.0590000 0.3400000
v 0.3068838 1.4514688 0.3275381
vt 0.0810000 0.3400000
v 0.3055319 1.4356250 0.3290913
vt 0.0810000 0.3750000
f 2941/2941 2942/2942 2943/2943 2944/2944
v 0.3055319 1.4356250 0.3290913
vt 0.0810000 0.3750000
v 0.3068838 1.4514688 0.3275381
vt 0.0810000 0.3400000
v 0.2927406 1.4514688 0.3237038
vt 0.1030000 0.3400000
v 0.2892006 1.4356250 0.3246637
vt 0.1030000 0.3750000
f 2945/2945 2946/2946 2947/2947 2948/2948
v 0.2892006 1.4356250 0.3246637
vt 0.1030000 0.3750000
v 0.2927406 1.4514688 0.3237038
vt 0.1030000 0.3400000
v 0.2873387 1.4514688 0.3175000
vt 0.1250000 0.3400000
v 0.2829625 1.4356250 0.3175000
vt 0.1250000 0.3750000
f 2949/2949 2950/2950 2951/2951 2952/2952
v 0.2829625 1.4356250 0.3175000
vt 0.1250000 0.3750000
v 0.2873387 1.4514688 0.3175000
vt 0.1250000 0.3400000
v 0.2927406 1.4514688 0.3112962
vt 0.1470000 0.3400000
v 0.2892006 1.4356250 0.3103362
vt 0.1470000 0.3750000
f 2953/2953 2954/2954 2955/2955 2956/2956
v 0.2892006 1.4356250 0.3103362
vt 0.1470000 0.3750000
v 0.2927406 1.4514688 0.3112962
vt 0.1470000 0.3400000
v 0.3068838 1.4514688 0.3074619
vt 0.1690000 0.3400000
v 0.3055319 1.4356250 0.3059088
vt 0.1690000 0.3750000
f 2957/2957 2958/2958 2959/2959 2960/2960
v 0.3055319 1.4356250 0.3059088
vt 0.1690000 0.3750000
v 0.3068838 1.4514688 0.3074619
vt 0.1690000 0.3400000
v 0.3243663 1.4514688 0.3074619
vt 0.1910000 0.3400000
v 0.3257181 1.4356250 0.3059088
vt 0.1910000 0.3750000
f 2961/2961 2962/2962 2963/2963 2964/2964
v 0.3257181 1.4356250 0.3059088
vt 0.1910000 0.3750000
v 0.3243663 1.4514688 0.3074619
vt 0.1910000 0.3400000
v 0.3385094 1.4514688 0.3112962
vt 0.2130000 0.3400000
v 0.3420494 1.4356250 0.3103362
vt 0.2130000 0.3750000
f 2965/2965 2966/2966 2967/2967 2968/2968
v 0.3420494 1.4356250 0.3103362
vt 0.2130000 0.3750000
v 0.3385094 1.4514688 0.3112962
vt 0.2130000 0.3400000
v 0.3439113 1.4514688 0.3175000
vt 0.2350000 0.3400000
v 0.3482875 1.4356250 0.3175000
vt 0.2350000 0.3750000
f 2969/2969 2970/2970 2971/2971 2972/2972
v 0.3439113 1.4514688 0.3175000
vt 0.0150000 0.3400000
v 0.3319563 1.4630669 0.3175000
vt 0.0150000 0.3050000
v 0.3288375 1.4630669 0.3210819
vt 0.0370000 0.3050000
v 0.3385094 1.4514688 0.3237038
vt 0.0370000 0.3400000
f 2973/2973 2974/2974 2975/2975 2976/2976
v 0.3385094 1.4514688 0.3237038
vt 0.0370000 0.3400000
v 0.3288375 1.4630669 0.3210819
vt 0.0370000 0.3050000
v 0.3206719 1.4630669 0.3232956
vt 0.0590000 0.3050000
v 0.3243663 1.4514688 0.3275381
vt 0.0590000 0.3400000
f 2977/2977 2978/2978 2979/2979 2980/2980
v 0.3243663 1.4514688 0.3275381
vt 0.0590000 0.3400000
v 0.3206719 1.4630669 0.3232956
vt 0.0590000 0.3050000
v 0.3105781 1.4630669 0.3232956
vt 0.0810000 0.3050000
v 0.3068838 1.4514688 0.3275381
vt 0.0810000 0.3400000
f 2981/2981 2982/2982 2983/2983 2984/2984
v 0.3068838 1.4514688 0.3275381
vt 0.0810000 0.3400000
v 0.3105781 1.4630669 0.3232956
vt 0.0810000 0.3050000
v 0.3024125 1.4630669 0.3210819
vt 0.1030000 0.3050000
v 0.2927406 1.4514688 0.3237038
vt 0.1030000 0.3400000
f 2985/2985 2986/2986 2987/2987 2988/2988
v 0.2927406 1.4514688 0.3237038
vt 0.1030000 0.3400000
v 0.3024125 1.4630669 0.3210819
vt 0.1030000 0.3050000
v 0.2992938 1.4630669 0.3175000
vt 0.1250000 0.3050000
v 0.2873387 1.4514688 0.3175000
vt 0.1250000 0.3400000
f 2989/2989 2990/2990 2991/2991 2992/2992
v 0.2873387 1.4514688 0.3175000
vt 0.1250000 0.3400000
v 0.2992938 1.4630669 0.3175000
vt 0.1250000 0.3050000
v 0.3024125 1.4630669 0.3139181
vt 0.1470000 0.3050000
v 0.2927406 1.4514688 0.3112962
vt 0.1470000 0.3400000
f 2993/2993 2994/2994 2995/2995 2996/2996
v 0.2927406 1.4514688 0.3112962
vt 0.1470000 0.3400000
v 0.3024125 1.4630669 0.3139181
vt 0.1470000 0.3050000
v 0.3105781 1.4630669 0.3117044
vt 0.1690000 0.3050000
v 0.3068838 1.4514688 0.3074619
vt 0.1690000 0.3400000
f 2997/2997 2998/2998 2999/2999 3000/3000
v 0.3068838 1.4514688 0.3074619
vt 0.1690000 0.3400000
v 0.3105781 1.4630669 0.3117044
vt 0.1690000 0.3050000
v 0.3206719 1.4630669 0.3117044
vt 0.1910000 0.3050000
v 0.3243663 1.4514688 0.3074619
vt 0.1910000 0.3400000
f 3001/3001 3002/3002 3003/3003 3004/3004
v 0.3243663 1.4514688 0.3074619
vt 0.1910000 0.3400000
v 0.3206719 1.4630669 0.3117044
vt 0.1910000 0.3050000
v 0.3288375 1.4630669 0.3139181
vt 0.2130000 0.3050000
v 0.3385094 1.4514688 0.3112962
vt 0.2130000 0.3400000
f 3005/3005 3006/3006 3007/3007 3008/3008
v 0.3385094 1.4514688 0.3112962
vt 0.2130000 0.3400000
v 0.3288375 1.4630669 0.3139181
vt 0.2130000 0.3050000
v 0.3319563 1.4630669 0.3175000
vt 0.2350000 0.3050000
v 0.3439113 1.4514688 0.3175000
vt 0.2350000 0.3400000
f 3009/3009 3010/3010 3011/3011 3012/3012
v 0.3319563 1.4630669 0.3175000
vt 0.0150000 0.3050000
v 0.3171875 1.4673125 0.3175000
vt 0.0150000 0.2700000
v 0.3168894 1.4673125 0.3184181
vt 0.0370000 0.2700000
v 0.3288375 1.4630669 0.3210819
vt 0.0370000 0.3050000
f 3013/3013 3014/3014 3015/3015 3016/3016
v 0.3288375 1.4630669 0.3210819
vt 0.0370000 0.3050000
v 0.3168894 1.4673125 0.3184181
vt 0.0370000 0.2700000
v 0.3161081 1.4673125 0.3189863
vt 0.0590000 0.2700000
v 0.3206719 1.4630669 0.3232956
vt 0.0590000 0.3050000
f 3017/3017 3018/3018 3019/3019 3020/3020
v 0.3206719 1.4630669 0.3232956
vt 0.0590000 0.3050000
v 0.3161081 1.4673125 0.3189863
vt 0.0590000 0.2700000
v 0.3151419 1.4673125 0.3189863
vt 0.0810000 0.2700000
v 0.3105781 1.4630669 0.3232956
vt 0.0810000 0.3050000
f 3021/3021 3022/3022 3023/3023 3024/3024
v 0.3105781 1.4630669 0.3232956
vt 0.0810000 0.3050000
v 0.3151419 1.4673125 0.3189863
vt 0.0810000 0.2700000
v 0.3143606 1.4673125 0.3184181
vt 0.1030000 0.2700000
v 0.3024125 1.4630669 0.3210819
vt 0.1030000 0.3050000
f 3025/3025 3026/3026 3027/3027 3028/3028
v 0.3024125 1.4630669 0.3210819
vt 0.1030000 0.3050000
v 0.3143606 1.4673125 0.3184181
vt 0.1030000 0.2700000
v 0.3140625 1.4673125 0.3175000
vt 0.1250000 0.2700000
v 0.2992938 1.4630669 0.3175000
vt 0.1250000 0.3050000
f 3029/3029 3030/3030 3031/3031 3032/3032
v 0.2992938 1.4630669 0.3175000
vt 0.1250000 0.3050000
v 0.3140625 1.4673125 0.3175000
vt 0.1250000 0.2700000
v 0.3143606 1.4673125 0.3165819
vt 0.1470000 0.2700000
v 0.3024125 1.4630669 0.3139181
vt 0.1470000 0.3050000
f 3033/3033 3034/3034 3035/3035 3036/3036
v 0.3024125 1.4630669 0.3139181
vt 0.1470000 0.3050000
v 0.3143606 1.4673125 0.3165819
vt 0.1470000 0.2700000
v 0.3151419 1.4673125 0.3160137
vt 0.1690000 0.2700000
v 0.3105781 1.4630669 0.3117044
vt 0.1690000 0.3050000
f 3037/3037 3038/3038 3039/3039 3040/3040
v 0.3105781 1.4630669 0.3117044
vt 0.1690000 0.3050000
v 0.3151419 1.4673125 0.3160137
vt 0.1690000 0.2700000
v 0.3161081 1.4673125 0.3160137
vt 0.1910000 0.2700000
v 0.3206719 1.4630669 0.3117044
vt 0.1910000 0.3050000
f 3041/3041 3042/3042 3043/3043 3044/3044
v 0.3206719 1.4630669 0.3117044
vt 0.1910000 0.3050000
v 0.3161081 1.4673125 0.3160137
vt 0.1910000 0.2700000
v 0.3168894 1.4673125 0.3165819
vt 0.2130000 0.2700000
v 0.3288375 1.4630669 0.3139181
vt 0.2130000 0.3050000
f 3045/3045 3046/3046 3047/3047 3048/3048
v 0.3288375 1.4630669 0.3139181
vt 0.2130000 0.3050000
v 0.3168894 1.4673125 0.3165819
vt 0.2130000 0.2700000
v 0.3171875 1.4673125 0.3175000
vt 0.2350000 0.2700000
v 0.3319563 1.4630669 0.3175000
vt 0.2350000 0.3050000
f 3049/3049 3050/3050 3051/3051 3052/3052
v 0.3156250 1.4039375 0.3175000
vt 0.1593229 0.3819722
v 0.3171875 1.4039375 0.3175000
vt 0.1595052 0.3819722
v 0.3168894 1.4039375 0.3184181
vt 0.1594704 0.3819008
f 3053/3053 3054/3054 3055/3055
v 0.3156250 1.4039375 0.3175000
vt 0.1593229 0.3819722
v 0.3168894 1.4039375 0.3184181
vt 0.1594704 0.3819008
v 0.3161081 1.4039375 0.3189863
vt 0.1593793 0.3818566
f 3056/3056 3057/3057 3058/3058
v 0.3156250 1.4039375 0.3175000
vt 0.1593229 0.3819722
v 0.3161081 1.4039375 0.3189863
vt 0.1593793 0.3818566
v 0.3151419 1.4039375 0.3189863
vt 0.1592666 0.3818566
f 3059/3059 3060/3060 3061/3061
v 0.3156250 1.4039375 0.3175000
vt 0.1593229 0.3819722
v 0.3151419 1.4039375 0.3189863
vt 0.1592666 0.3818566
v 0.3143606 1.4039375 0.3184181
vt 0.1591754 0.3819008
f 3062/3062 3063/3063 3064/3064
v 0.3156250 1.4039375 0.3175000
vt 0.1593229 0.3819722
v 0.3143606 1.4039375 0.3184181
vt 0.1591754 0.3819008
v 0.3140625 1.4039375 0.3175000
vt 0.1591406 0.3819722
f 3065/3065 3066/3066 3067/3067
v 0.3156250 1.4039375 0.3175000
vt 0.1593229 0.3819722
v 0.3140625 1.4039375 0.3175000
vt 0.1591406 0.3819722
v 0.3143606 1.4039375 0.3165819
vt 0.1591754 0.3820437
f 3068/3068 3069/3069 3070/3070
v 0.3156250 1.4039375 0.3175000
vt 0.1593229 0.3819722
v 0.3143606 1.4039375 0.3165819
vt 0.1591754 0.3820437
v 0.3151419 1.4039375 0.3160137
vt 0.1592666 0.3820878
f 3071/3071 3072/3072 3073/3073
v 0.3156250 1.4039375 0.3175000
vt 0.1593229 0.3819722
v 0.3151419 1.4039375 0.3160137
vt 0.1592666 0.3820878
v 0.3161081 1.4039375 0.3160137
vt 0.1593793 0.3820878
f 3074/3074 3075/3075 3076/3076
v 0.3156250 1.4039375 0.3175000
vt 0.1593229 0.3819722
v 0.3161081 1.4039375 0.3160137
vt 0.1593793 0.3820878
v 0.3168894 1.4039375 0.3165819
vt 0.1594704 0.3820437
f 3077/3077 3078/3078 3079/3079
v 0.3156250 1.4039375 0.3175000
vt 0.1593229 0.3819722
v 0.3168894 1.4039375 0.3165819
vt 0.1594704 0.3820437
v 0.3171875 1.4039375 0.3175000
vt 0.1595052 0.3819722
f 3080/3080 3081/3081 3082/3082
v 0.3168894 1.4673125 0.3184181
vt 0.1594704 0.3819008
v 0.3171875 1.4673125 0.3175000
vt 0.1595052 0.3819722
v 0.3156250 1.4673125 0.3175000
vt 0.1593229 0.3819722
f 3083/3083 3084/3084 3085/3085
v 0.3161081 1.4673125 0.3189863
vt 0.1593793 0.3818566
v 0.3168894 1.4673125 0.3184181
vt 0.1594704 0.3819008
v 0.3156250 1.4673125 0.3175000
vt 0.1593229 0.3819722
f 3086/3086 3087/3087 3088/3088
v 0.3151419 1.4673125 0.3189863
vt 0.1592666 0.3818566
v 0.3161081 1.4673125 0.3189863
vt 0.1593793 0.3818566
v 0.3156250 1.4673125 0.3175000
vt 0.1593229 0.3819722
f 3089/3089 3090/3090 3091/3091
v 0.3143606 1.4673125 0.3184181
vt 0.1591754 0.3819008
v 0.3151419 1.4673125 0.3189863
vt 0.1592666 0.3818566
v 0.3156250 1.4673125 0.3175000
vt 0.1593229 0.3819722
f 3092/3092 3093/3093 3094/3094
v 0.3140625 1.4673125 0.3175000
vt 0.1591406 0.3819722
v 0.3143606 1.4673125 0.3184181
vt 0.1591754 0.3819008
v 0.3156250 1.4673125 0.3175000
vt 0.1593229 0.3819722
f 3095/3095 3096/3096 3097/3097
v 0.3143606 1.4673125 0.3165819
vt 0.1591754 0.3820437
v 0.3140625 1.4673125 0.3175000
vt 0.1591406 0.3819722
v 0.3156250 1.4673125 0.3175000
vt 0.1593229 0.3819722
f 3098/3098 3099/3099 3100/3100
v 0.3151419 1.4673125 0.3160137
vt 0.1592666 0.3820878
v 0.3143606 1.4673125 0.3165819
vt 0.1591754 0.3820437
v 0.3156250 1.4673125 0.3175000
vt 0.1593229 0.3819722
f 3101/3101 3102/3102 3103/3103
v 0.3161081 1.4673125 0.3160137
vt 0.1593793 0.3820878
v 0.3151419 1.4673125 0.3160137
vt 0.1592666 0.3820878
v 0.3156250 1.4673125 0.3175000
vt 0.1593229 0.3819722
f 3104/3104 3105/3105 3106/3106
v 0.3168894 1.4673125 0.3165819
vt 0.1594704 0.3820437
v 0.3161081 1.4673125 0.3160137
vt 0.1593793 0.3820878
v 0.3156250 1.4673125 0.3175000
vt 0.1593229 0.3819722
f 3107/3107 3108/3108 3109/3109
v 0.3171875 1.4673125 0.3175000
vt 0.1595052 0.3819722
v 0.3168894 1.4673125 0.3165819
vt 0.1594704 0.3820437
v 0.3156250 1.4673125 0.3175000
vt 0.1593229 0.3819722
f 3110/3110 3111/3111 3112/3112
o EM_hanging_molten_drop
usemtl glow
v 0.4296875 1.2018750 0.2781250
vt 0.0150000 0.4800000
v 0.4376762 1.2077237 0.2781250
vt 0.0150000 0.4380000
v 0.4348787 1.2077237 0.2843594
vt 0.0425000 0.4380000
v 0.4292300 1.2018750 0.2792300
vt 0.0425000 0.4800000
f 3113/3113 3114/3114 3115/3115 3116/3116
v 0.4292300 1.2018750 0.2792300
vt 0.0425000 0.4800000
v 0.4348787 1.2077237 0.2843594
vt 0.0425000 0.4380000
v 0.4281250 1.2077237 0.2869419
vt 0.0700000 0.4380000
v 0.4281250 1.2018750 0.2796875
vt 0.0700000 0.4800000
f 3117/3117 3118/3118 3119/3119 3120/3120
v 0.4281250 1.2018750 0.2796875
vt 0.0700000 0.4800000
v 0.4281250 1.2077237 0.2869419
vt 0.0700000 0.4380000
v 0.4213712 1.2077237 0.2843594
vt 0.0975000 0.4380000
v 0.4270200 1.2018750 0.2792300
vt 0.0975000 0.4800000
f 3121/3121 3122/3122 3123/3123 3124/3124
v 0.4270200 1.2018750 0.2792300
vt 0.0975000 0.4800000
v 0.4213712 1.2077237 0.2843594
vt 0.0975000 0.4380000
v 0.4185738 1.2077237 0.2781250
vt 0.1250000 0.4380000
v 0.4265625 1.2018750 0.2781250
vt 0.1250000 0.4800000
f 3125/3125 3126/3126 3127/3127 3128/3128
v 0.4265625 1.2018750 0.2781250
vt 0.1250000 0.4800000
v 0.4185738 1.2077237 0.2781250
vt 0.1250000 0.4380000
v 0.4213712 1.2077237 0.2718906
vt 0.1525000 0.4380000
v 0.4270200 1.2018750 0.2770200
vt 0.1525000 0.4800000
f 3129/3129 3130/3130 3131/3131 3132/3132
v 0.4270200 1.2018750 0.2770200
vt 0.1525000 0.4800000
v 0.4213712 1.2077237 0.2718906
vt 0.1525000 0.4380000
v 0.4281250 1.2077237 0.2693081
vt 0.1800000 0.4380000
v 0.4281250 1.2018750 0.2765625
vt 0.1800000 0.4800000
f 3133/3133 3134/3134 3135/3135 3136/3136
v 0.4281250 1.2018750 0.2765625
vt 0.1800000 0.4800000
v 0.4281250 1.2077237 0.2693081
vt 0.1800000 0.4380000
v 0.4348787 1.2077237 0.2718906
vt 0.2075000 0.4380000
v 0.4292300 1.2018750 0.2770200
vt 0.2075000 0.4800000
f 3137/3137 3138/3138 3139/3139 3140/3140
v 0.4292300 1.2018750 0.2770200
vt 0.2075000 0.4800000
v 0.4348787 1.2077237 0.2718906
vt 0.2075000 0.4380000
v 0.4376762 1.2077237 0.2781250
vt 0.2350000 0.4380000
v 0.4296875 1.2018750 0.2781250
vt 0.2350000 0.4800000
f 3141/3141 3142/3142 3143/3143 3144/3144
v 0.4376762 1.2077237 0.2781250
vt 0.0150000 0.4380000
v 0.4435794 1.2230363 0.2781250
vt 0.0150000 0.3960000
v 0.4390531 1.2230363 0.2882125
vt 0.0425000 0.3960000
v 0.4348787 1.2077237 0.2843594
vt 0.0425000 0.4380000
f 3145/3145 3146/3146 3147/3147 3148/3148
v 0.4348787 1.2077237 0.2843594
vt 0.0425000 0.4380000
v 0.4390531 1.2230363 0.2882125
vt 0.0425000 0.3960000
v 0.4281250 1.2230363 0.2923906
vt 0.0700000 0.3960000
v 0.4281250 1.2077237 0.2869419
vt 0.0700000 0.4380000
f 3149/3149 3150/3150 3151/3151 3152/3152
v 0.4281250 1.2077237 0.2869419
vt 0.0700000 0.4380000
v 0.4281250 1.2230363 0.2923906
vt 0.0700000 0.3960000
v 0.4171969 1.2230363 0.2882125
vt 0.0975000 0.3960000
v 0.4213712 1.2077237 0.2843594
vt 0.0975000 0.4380000
f 3153/3153 3154/3154 3155/3155 3156/3156
v 0.4213712 1.2077237 0.2843594
vt 0.0975000 0.4380000
v 0.4171969 1.2230363 0.2882125
vt 0.0975000 0.3960000
v 0.4126706 1.2230363 0.2781250
vt 0.1250000 0.3960000
v 0.4185738 1.2077237 0.2781250
vt 0.1250000 0.4380000
f 3157/3157 3158/3158 3159/3159 3160/3160
v 0.4185738 1.2077237 0.2781250
vt 0.1250000 0.4380000
v 0.4126706 1.2230363 0.2781250
vt 0.1250000 0.3960000
v 0.4171969 1.2230363 0.2680375
vt 0.1525000 0.3960000
v 0.4213712 1.2077237 0.2718906
vt 0.1525000 0.4380000
f 3161/3161 3162/3162 3163/3163 3164/3164
v 0.4213712 1.2077237 0.2718906
vt 0.1525000 0.4380000
v 0.4171969 1.2230363 0.2680375
vt 0.1525000 0.3960000
v 0.4281250 1.2230363 0.2638594
vt 0.1800000 0.3960000
v 0.4281250 1.2077237 0.2693081
vt 0.1800000 0.4380000
f 3165/3165 3166/3166 3167/3167 3168/3168
v 0.4281250 1.2077237 0.2693081
vt 0.1800000 0.4380000
v 0.4281250 1.2230363 0.2638594
vt 0.1800000 0.3960000
v 0.4390531 1.2230363 0.2680375
vt 0.2075000 0.3960000
v 0.4348787 1.2077237 0.2718906
vt 0.2075000 0.4380000
f 3169/3169 3170/3170 3171/3171 3172/3172
v 0.4348787 1.2077237 0.2718906
vt 0.2075000 0.4380000
v 0.4390531 1.2230363 0.2680375
vt 0.2075000 0.3960000
v 0.4435794 1.2230363 0.2781250
vt 0.2350000 0.3960000
v 0.4376762 1.2077237 0.2781250
vt 0.2350000 0.4380000
f 3173/3173 3174/3174 3175/3175 3176/3176
v 0.4435794 1.2230363 0.2781250
vt 0.0150000 0.3960000
v 0.4435794 1.2419638 0.2781250
vt 0.0150000 0.3540000
v 0.4390531 1.2419638 0.2882125
vt 0.0425000 0.3540000
v 0.4390531 1.2230363 0.2882125
vt 0.0425000 0.3960000
f 3177/3177 3178/3178 3179/3179 3180/3180
v 0.4390531 1.2230363 0.2882125
vt 0.0425000 0.3960000
v 0.4390531 1.2419638 0.2882125
vt 0.0425000 0.3540000
v 0.4281250 1.2419638 0.2923906
vt 0.0700000 0.3540000
v 0.4281250 1.2230363 0.2923906
vt 0.0700000 0.3960000
f 3181/3181 3182/3182 3183/3183 3184/3184
v 0.4281250 1.2230363 0.2923906
vt 0.0700000 0.3960000
v 0.4281250 1.2419638 0.2923906
vt 0.0700000 0.3540000
v 0.4171969 1.2419638 0.2882125
vt 0.0975000 0.3540000
v 0.4171969 1.2230363 0.2882125
vt 0.0975000 0.3960000
f 3185/3185 3186/3186 3187/3187 3188/3188
v 0.4171969 1.2230363 0.2882125
vt 0.0975000 0.3960000
v 0.4171969 1.2419638 0.2882125
vt 0.0975000 0.3540000
v 0.4126706 1.2419638 0.2781250
vt 0.1250000 0.3540000
v 0.4126706 1.2230363 0.2781250
vt 0.1250000 0.3960000
f 3189/3189 3190/3190 3191/3191 3192/3192
v 0.4126706 1.2230363 0.2781250
vt 0.1250000 0.3960000
v 0.4126706 1.2419638 0.2781250
vt 0.1250000 0.3540000
v 0.4171969 1.2419638 0.2680375
vt 0.1525000 0.3540000
v 0.4171969 1.2230363 0.2680375
vt 0.1525000 0.3960000
f 3193/3193 3194/3194 3195/3195 3196/3196
v 0.4171969 1.2230363 0.2680375
vt 0.1525000 0.3960000
v 0.4171969 1.2419638 0.2680375
vt 0.1525000 0.3540000
v 0.4281250 1.2419638 0.2638594
vt 0.1800000 0.3540000
v 0.4281250 1.2230363 0.2638594
vt 0.1800000 0.3960000
f 3197/3197 3198/3198 3199/3199 3200/3200
v 0.4281250 1.2230363 0.2638594
vt 0.1800000 0.3960000
v 0.4281250 1.2419638 0.2638594
vt 0.1800000 0.3540000
v 0.4390531 1.2419638 0.2680375
vt 0.2075000 0.3540000
v 0.4390531 1.2230363 0.2680375
vt 0.2075000 0.3960000
f 3201/3201 3202/3202 3203/3203 3204/3204
v 0.4390531 1.2230363 0.2680375
vt 0.2075000 0.3960000
v 0.4390531 1.2419638 0.2680375
vt 0.2075000 0.3540000
v 0.4435794 1.2419638 0.2781250
vt 0.2350000 0.3540000
v 0.4435794 1.2230363 0.2781250
vt 0.2350000 0.3960000
f 3205/3205 3206/3206 3207/3207 3208/3208
v 0.4435794 1.2419638 0.2781250
vt 0.0150000 0.3540000
v 0.4376762 1.2572763 0.2781250
vt 0.0150000 0.3120000
v 0.4348787 1.2572763 0.2843594
vt 0.0425000 0.3120000
v 0.4390531 1.2419638 0.2882125
vt 0.0425000 0.3540000
f 3209/3209 3210/3210 3211/3211 3212/3212
v 0.4390531 1.2419638 0.2882125
vt 0.0425000 0.3540000
v 0.4348787 1.2572763 0.2843594
vt 0.0425000 0.3120000
v 0.4281250 1.2572763 0.2869419
vt 0.0700000 0.3120000
v 0.4281250 1.2419638 0.2923906
vt 0.0700000 0.3540000
f 3213/3213 3214/3214 3215/3215 3216/3216
v 0.4281250 1.2419638 0.2923906
vt 0.0700000 0.3540000
v 0.4281250 1.2572763 0.2869419
vt 0.0700000 0.3120000
v 0.4213712 1.2572763 0.2843594
vt 0.0975000 0.3120000
v 0.4171969 1.2419638 0.2882125
vt 0.0975000 0.3540000
f 3217/3217 3218/3218 3219/3219 3220/3220
v 0.4171969 1.2419638 0.2882125
vt 0.0975000 0.3540000
v 0.4213712 1.2572763 0.2843594
vt 0.0975000 0.3120000
v 0.4185738 1.2572763 0.2781250
vt 0.1250000 0.3120000
v 0.4126706 1.2419638 0.2781250
vt 0.1250000 0.3540000
f 3221/3221 3222/3222 3223/3223 3224/3224
v 0.4126706 1.2419638 0.2781250
vt 0.1250000 0.3540000
v 0.4185738 1.2572763 0.2781250
vt 0.1250000 0.3120000
v 0.4213712 1.2572763 0.2718906
vt 0.1525000 0.3120000
v 0.4171969 1.2419638 0.2680375
vt 0.1525000 0.3540000
f 3225/3225 3226/3226 3227/3227 3228/3228
v 0.4171969 1.2419638 0.2680375
vt 0.1525000 0.3540000
v 0.4213712 1.2572763 0.2718906
vt 0.1525000 0.3120000
v 0.4281250 1.2572763 0.2693081
vt 0.1800000 0.3120000
v 0.4281250 1.2419638 0.2638594
vt 0.1800000 0.3540000
f 3229/3229 3230/3230 3231/3231 3232/3232
v 0.4281250 1.2419638 0.2638594
vt 0.1800000 0.3540000
v 0.4281250 1.2572763 0.2693081
vt 0.1800000 0.3120000
v 0.4348787 1.2572763 0.2718906
vt 0.2075000 0.3120000
v 0.4390531 1.2419638 0.2680375
vt 0.2075000 0.3540000
f 3233/3233 3234/3234 3235/3235 3236/3236
v 0.4390531 1.2419638 0.2680375
vt 0.2075000 0.3540000
v 0.4348787 1.2572763 0.2718906
vt 0.2075000 0.3120000
v 0.4376762 1.2572763 0.2781250
vt 0.2350000 0.3120000
v 0.4435794 1.2419638 0.2781250
vt 0.2350000 0.3540000
f 3237/3237 3238/3238 3239/3239 3240/3240
v 0.4376762 1.2572763 0.2781250
vt 0.0150000 0.3120000
v 0.4296875 1.2631250 0.2781250
vt 0.0150000 0.2700000
v 0.4292300 1.2631250 0.2792300
vt 0.0425000 0.2700000
v 0.4348787 1.2572763 0.2843594
vt 0.0425000 0.3120000
f 3241/3241 3242/3242 3243/3243 3244/3244
v 0.4348787 1.2572763 0.2843594
vt 0.0425000 0.3120000
v 0.4292300 1.2631250 0.2792300
vt 0.0425000 0.2700000
v 0.4281250 1.2631250 0.2796875
vt 0.0700000 0.2700000
v 0.4281250 1.2572763 0.2869419
vt 0.0700000 0.3120000
f 3245/3245 3246/3246 3247/3247 3248/3248
v 0.4281250 1.2572763 0.2869419
vt 0.0700000 0.3120000
v 0.4281250 1.2631250 0.2796875
vt 0.0700000 0.2700000
v 0.4270200 1.2631250 0.2792300
vt 0.0975000 0.2700000
v 0.4213712 1.2572763 0.2843594
vt 0.0975000 0.3120000
f 3249/3249 3250/3250 3251/3251 3252/3252
v 0.4213712 1.2572763 0.2843594
vt 0.0975000 0.3120000
v 0.4270200 1.2631250 0.2792300
vt 0.0975000 0.2700000
v 0.4265625 1.2631250 0.2781250
vt 0.1250000 0.2700000
v 0.4185738 1.2572763 0.2781250
vt 0.1250000 0.3120000
f 3253/3253 3254/3254 3255/3255 3256/3256
v 0.4185738 1.2572763 0.2781250
vt 0.1250000 0.3120000
v 0.4265625 1.2631250 0.2781250
vt 0.1250000 0.2700000
v 0.4270200 1.2631250 0.2770200
vt 0.1525000 0.2700000
v 0.4213712 1.2572763 0.2718906
vt 0.1525000 0.3120000
f 3257/3257 3258/3258 3259/3259 3260/3260
v 0.4213712 1.2572763 0.2718906
vt 0.1525000 0.3120000
v 0.4270200 1.2631250 0.2770200
vt 0.1525000 0.2700000
v 0.4281250 1.2631250 0.2765625
vt 0.1800000 0.2700000
v 0.4281250 1.2572763 0.2693081
vt 0.1800000 0.3120000
f 3261/3261 3262/3262 3263/3263 3264/3264
v 0.4281250 1.2572763 0.2693081
vt 0.1800000 0.3120000
v 0.4281250 1.2631250 0.2765625
vt 0.1800000 0.2700000
v 0.4292300 1.2631250 0.2770200
vt 0.2075000 0.2700000
v 0.4348787 1.2572763 0.2718906
vt 0.2075000 0.3120000
f 3265/3265 3266/3266 3267/3267 3268/3268
v 0.4348787 1.2572763 0.2718906
vt 0.2075000 0.3120000
v 0.4292300 1.2631250 0.2770200
vt 0.2075000 0.2700000
v 0.4296875 1.2631250 0.2781250
vt 0.2350000 0.2700000
v 0.4376762 1.2572763 0.2781250
vt 0.2350000 0.3120000
f 3269/3269 3270/3270 3271/3271 3272/3272
v 0.4281250 1.2018750 0.2781250
vt 0.1724479 0.3850347
v 0.4296875 1.2018750 0.2781250
vt 0.1726302 0.3850347
v 0.4292300 1.2018750 0.2792300
vt 0.1725768 0.3849488
f 3273/3273 3274/3274 3275/3275
v 0.4281250 1.2018750 0.2781250
vt 0.1724479 0.3850347
v 0.4292300 1.2018750 0.2792300
vt 0.1725768 0.3849488
v 0.4281250 1.2018750 0.2796875
vt 0.1724479 0.3849132
f 3276/3276 3277/3277 3278/3278
v 0.4281250 1.2018750 0.2781250
vt 0.1724479 0.3850347
v 0.4281250 1.2018750 0.2796875
vt 0.1724479 0.3849132
v 0.4270200 1.2018750 0.2792300
vt 0.1723190 0.3849488
f 3279/3279 3280/3280 3281/3281
v 0.4281250 1.2018750 0.2781250
vt 0.1724479 0.3850347
v 0.4270200 1.2018750 0.2792300
vt 0.1723190 0.3849488
v 0.4265625 1.2018750 0.2781250
vt 0.1722656 0.3850347
f 3282/3282 3283/3283 3284/3284
v 0.4281250 1.2018750 0.2781250
vt 0.1724479 0.3850347
v 0.4265625 1.2018750 0.2781250
vt 0.1722656 0.3850347
v 0.4270200 1.2018750 0.2770200
vt 0.1723190 0.3851207
f 3285/3285 3286/3286 3287/3287
v 0.4281250 1.2018750 0.2781250
vt 0.1724479 0.3850347
v 0.4270200 1.2018750 0.2770200
vt 0.1723190 0.3851207
v 0.4281250 1.2018750 0.2765625
vt 0.1724479 0.3851563
f 3288/3288 3289/3289 3290/3290
v 0.4281250 1.2018750 0.2781250
vt 0.1724479 0.3850347
v 0.4281250 1.2018750 0.2765625
vt 0.1724479 0.3851563
v 0.4292300 1.2018750 0.2770200
vt 0.1725768 0.3851207
f 3291/3291 3292/3292 3293/3293
v 0.4281250 1.2018750 0.2781250
vt 0.1724479 0.3850347
v 0.4292300 1.2018750 0.2770200
vt 0.1725768 0.3851207
v 0.4296875 1.2018750 0.2781250
vt 0.1726302 0.3850347
f 3294/3294 3295/3295 3296/3296
v 0.4292300 1.2631250 0.2792300
vt 0.1725768 0.3849488
v 0.4296875 1.2631250 0.2781250
vt 0.1726302 0.3850347
v 0.4281250 1.2631250 0.2781250
vt 0.1724479 0.3850347
f 3297/3297 3298/3298 3299/3299
v 0.4281250 1.2631250 0.2796875
vt 0.1724479 0.3849132
v 0.4292300 1.2631250 0.2792300
vt 0.1725768 0.3849488
v 0.4281250 1.2631250 0.2781250
vt 0.1724479 0.3850347
f 3300/3300 3301/3301 3302/3302
v 0.4270200 1.2631250 0.2792300
vt 0.1723190 0.3849488
v 0.4281250 1.2631250 0.2796875
vt 0.1724479 0.3849132
v 0.4281250 1.2631250 0.2781250
vt 0.1724479 0.3850347
f 3303/3303 3304/3304 3305/3305
v 0.4265625 1.2631250 0.2781250
vt 0.1722656 0.3850347
v 0.4270200 1.2631250 0.2792300
vt 0.1723190 0.3849488
v 0.4281250 1.2631250 0.2781250
vt 0.1724479 0.3850347
f 3306/3306 3307/3307 3308/3308
v 0.4270200 1.2631250 0.2770200
vt 0.1723190 0.3851207
v 0.4265625 1.2631250 0.2781250
vt 0.1722656 0.3850347
v 0.4281250 1.2631250 0.2781250
vt 0.1724479 0.3850347
f 3309/3309 3310/3310 3311/3311
v 0.4281250 1.2631250 0.2765625
vt 0.1724479 0.3851563
v 0.4270200 1.2631250 0.2770200
vt 0.1723190 0.3851207
v 0.4281250 1.2631250 0.2781250
vt 0.1724479 0.3850347
f 3312/3312 3313/3313 3314/3314
v 0.4292300 1.2631250 0.2770200
vt 0.1725768 0.3851207
v 0.4281250 1.2631250 0.2765625
vt 0.1724479 0.3851563
v 0.4281250 1.2631250 0.2781250
vt 0.1724479 0.3850347
f 3315/3315 3316/3316 3317/3317
v 0.4296875 1.2631250 0.2781250
vt 0.1726302 0.3850347
v 0.4292300 1.2631250 0.2770200
vt 0.1725768 0.3851207
v 0.4281250 1.2631250 0.2781250
vt 0.1724479 0.3850347
f 3318/3318 3319/3319 3320/3320
o emerging_voxel_body
usemtl steel
v 0.3621875 1.8601562 0.3371875
vt 0.0896875 0.1019792
v 0.6378125 1.8601562 0.3371875
vt 0.1553125 0.1019792
v 0.6378125 1.5845312 0.3371875
vt 0.1553125 0.1457292
v 0.3621875 1.5845312 0.3371875
vt 0.0896875 0.1457292
f 3321/3321 3322/3322 3323/3323 3324/3324
v 0.6378125 1.8601562 0.6128125
vt 0.1553125 0.1019792
v 0.3621875 1.8601562 0.6128125
vt 0.0896875 0.1019792
v 0.3621875 1.5845312 0.6128125
vt 0.0896875 0.1457292
v 0.6378125 1.5845312 0.6128125
vt 0.1553125 0.1457292
f 3325/3325 3326/3326 3327/3327 3328/3328
v 0.3621875 1.8601562 0.6128125
vt 0.1553125 0.1019792
v 0.3621875 1.8601562 0.3371875
vt 0.0896875 0.1019792
v 0.3621875 1.5845312 0.3371875
vt 0.0896875 0.1457292
v 0.3621875 1.5845312 0.6128125
vt 0.1553125 0.1457292
f 3329/3329 3330/3330 3331/3331 3332/3332
v 0.6378125 1.8601562 0.3371875
vt 0.0896875 0.1019792
v 0.6378125 1.8601562 0.6128125
vt 0.1553125 0.1019792
v 0.6378125 1.5845312 0.6128125
vt 0.1553125 0.1457292
v 0.6378125 1.5845312 0.3371875
vt 0.0896875 0.1457292
f 3333/3333 3334/3334 3335/3335 3336/3336
v 0.6378125 1.5845312 0.3371875
vt 0.1553125 0.1785417
v 0.6378125 1.5845312 0.6128125
vt 0.1553125 0.1347917
v 0.3621875 1.5845312 0.6128125
vt 0.0896875 0.1347917
v 0.3621875 1.5845312 0.3371875
vt 0.0896875 0.1785417
f 3337/3337 3338/3338 3339/3339 3340/3340
v 0.6378125 1.8601562 0.6128125
vt 0.1553125 0.1347917
v 0.6378125 1.8601562 0.3371875
vt 0.1553125 0.1785417
v 0.3621875 1.8601562 0.3371875
vt 0.0896875 0.1785417
v 0.3621875 1.8601562 0.6128125
vt 0.0896875 0.1347917
f 3341/3341 3342/3342 3343/3343 3344/3344
o EM_emerging_ember_eye_edge_-1
usemtl glow
v 0.4144031 1.7973750 0.3362381
vt 0.1021198 0.3619444
v 0.4741219 1.7973750 0.3362381
vt 0.1163385 0.3619444
v 0.4741219 1.7330625 0.3362381
vt 0.1163385 0.3721528
v 0.4144031 1.7330625 0.3362381
vt 0.1021198 0.3721528
f 3345/3345 3346/3346 3347/3347 3348/3348
v 0.4741219 1.7973750 0.3372181
vt 0.1163385 0.3619444
v 0.4144031 1.7973750 0.3372181
vt 0.1021198 0.3619444
v 0.4144031 1.7330625 0.3372181
vt 0.1021198 0.3721528
v 0.4741219 1.7330625 0.3372181
vt 0.1163385 0.3721528
f 3349/3349 3350/3350 3351/3351 3352/3352
v 0.4144031 1.7973750 0.3372181
vt 0.0896948 0.3619444
v 0.4144031 1.7973750 0.3362381
vt 0.0894615 0.3619444
v 0.4144031 1.7330625 0.3362381
vt 0.0894615 0.3721528
v 0.4144031 1.7330625 0.3372181
vt 0.0896948 0.3721528
f 3353/3353 3354/3354 3355/3355 3356/3356
v 0.4741219 1.7973750 0.3362381
vt 0.0894615 0.3619444
v 0.4741219 1.7973750 0.3372181
vt 0.0896948 0.3619444
v 0.4741219 1.7330625 0.3372181
vt 0.0896948 0.3721528
v 0.4741219 1.7330625 0.3362381
vt 0.0894615 0.3721528
f 3357/3357 3358/3358 3359/3359 3360/3360
v 0.4741219 1.7330625 0.3362381
vt 0.1163385 0.4286924
v 0.4741219 1.7330625 0.3372181
vt 0.1163385 0.4285368
v 0.4144031 1.7330625 0.3372181
vt 0.1021198 0.4285368
v 0.4144031 1.7330625 0.3362381
vt 0.1021198 0.4286924
f 3361/3361 3362/3362 3363/3363 3364/3364
v 0.4741219 1.7973750 0.3372181
vt 0.1163385 0.4285368
v 0.4741219 1.7973750 0.3362381
vt 0.1163385 0.4286924
v 0.4144031 1.7973750 0.3362381
vt 0.1021198 0.4286924
v 0.4144031 1.7973750 0.3372181
vt 0.1021198 0.4285368
f 3365/3365 3366/3366 3367/3367 3368/3368
o EM_emerging_bright_square_eye_-1
usemtl glow
v 0.4231313 1.7912500 0.3348600
vt 0.6041979 0.8629167
v 0.4653937 1.7912500 0.3348600
vt 0.6142604 0.8629167
v 0.4653937 1.7422500 0.3348600
vt 0.6142604 0.8706944
v 0.4231313 1.7422500 0.3348600
vt 0.6041979 0.8706944
f 3369/3369 3370/3370 3371/3371 3372/3372
v 0.4653937 1.7912500 0.3358400
vt 0.6142604 0.8629167
v 0.4231313 1.7912500 0.3358400
vt 0.6041979 0.8629167
v 0.4231313 1.7422500 0.3358400
vt 0.6041979 0.8706944
v 0.4653937 1.7422500 0.3358400
vt 0.6142604 0.8706944
f 3373/3373 3374/3374 3375/3375 3376/3376
v 0.4231313 1.7912500 0.3358400
vt 0.5896948 0.8629167
v 0.4231313 1.7912500 0.3348600
vt 0.5894615 0.8629167
v 0.4231313 1.7422500 0.3348600
vt 0.5894615 0.8706944
v 0.4231313 1.7422500 0.3358400
vt 0.5896948 0.8706944
f 3377/3377 3378/3378 3379/3379 3380/3380
v 0.4653937 1.7912500 0.3348600
vt 0.5894615 0.8629167
v 0.4653937 1.7912500 0.3358400
vt 0.5896948 0.8629167
v 0.4653937 1.7422500 0.3358400
vt 0.5896948 0.8706944
v 0.4653937 1.7422500 0.3348600
vt 0.5894615 0.8706944
f 3381/3381 3382/3382 3383/3383 3384/3384
v 0.4653937 1.7422500 0.3348600
vt 0.6142604 0.9286924
v 0.4653937 1.7422500 0.3358400
vt 0.6142604 0.9285368
v 0.4231313 1.7422500 0.3358400
vt 0.6041979 0.9285368
v 0.4231313 1.7422500 0.3348600
vt 0.6041979 0.9286924
f 3385/3385 3386/3386 3387/3387 3388/3388
v 0.4653937 1.7912500 0.3358400
vt 0.6142604 0.9285368
v 0.4653937 1.7912500 0.3348600
vt 0.6142604 0.9286924
v 0.4231313 1.7912500 0.3348600
vt 0.6041979 0.9286924
v 0.4231313 1.7912500 0.3358400
vt 0.6041979 0.9285368
f 3389/3389 3390/3390 3391/3391 3392/3392
o emerging_coal_brow_-1
usemtl steel
v 0.4090437 1.8068688 0.3337881
vt 0.1008437 0.1104375
v 0.4794813 1.8068688 0.3337881
vt 0.1176146 0.1104375
v 0.4794813 1.7921688 0.3337881
vt 0.1176146 0.1127708
v 0.4090437 1.7921688 0.3337881
vt 0.1008437 0.1127708
f 3393/3393 3394/3394 3395/3395 3396/3396
v 0.4794813 1.8068688 0.3347681
vt 0.1176146 0.1104375
v 0.4090437 1.8068688 0.3347681
vt 0.1008437 0.1104375
v 0.4090437 1.7921688 0.3347681
vt 0.1008437 0.1127708
v 0.4794813 1.7921688 0.3347681
vt 0.1176146 0.1127708
f 3397/3397 3398/3398 3399/3399 3400/3400
v 0.4090437 1.8068688 0.3347681
vt 0.0896948 0.1104375
v 0.4090437 1.8068688 0.3337881
vt 0.0894615 0.1104375
v 0.4090437 1.7921688 0.3337881
vt 0.0894615 0.1127708
v 0.4090437 1.7921688 0.3347681
vt 0.0896948 0.1127708
f 3401/3401 3402/3402 3403/3403 3404/3404
v 0.4794813 1.8068688 0.3337881
vt 0.0894615 0.1104375
v 0.4794813 1.8068688 0.3347681
vt 0.0896948 0.1104375
v 0.4794813 1.7921688 0.3347681
vt 0.0896948 0.1127708
v 0.4794813 1.7921688 0.3337881
vt 0.0894615 0.1127708
f 3405/3405 3406/3406 3407/3407 3408/3408
v 0.4794813 1.7921688 0.3337881
vt 0.1176146 0.1786924
v 0.4794813 1.7921688 0.3347681
vt 0.1176146 0.1785368
v 0.4090437 1.7921688 0.3347681
vt 0.1008437 0.1785368
v 0.4090437 1.7921688 0.3337881
vt 0.1008437 0.1786924
f 3409/3409 3410/3410 3411/3411 3412/3412
v 0.4794813 1.8068688 0.3347681
vt 0.1176146 0.1785368
v 0.4794813 1.8068688 0.3337881
vt 0.1176146 0.1786924
v 0.4090437 1.8068688 0.3337881
vt 0.1008437 0.1786924
v 0.4090437 1.8068688 0.3347681
vt 0.1008437 0.1785368
f 3413/3413 3414/3414 3415/3415 3416/3416
o EM_emerging_ember_eye_edge_1
usemtl glow
v 0.5258781 1.7973750 0.3362381
vt 0.1286615 0.3619444
v 0.5855969 1.7973750 0.3362381
vt 0.1428802 0.3619444
v 0.5855969 1.7330625 0.3362381
vt 0.1428802 0.3721528
v 0.5258781 1.7330625 0.3362381
vt 0.1286615 0.3721528
f 3417/3417 3418/3418 3419/3419 3420/3420
v 0.5855969 1.7973750 0.3372181
vt 0.1428802 0.3619444
v 0.5258781 1.7973750 0.3372181
vt 0.1286615 0.3619444
v 0.5258781 1.7330625 0.3372181
vt 0.1286615 0.3721528
v 0.5855969 1.7330625 0.3372181
vt 0.1428802 0.3721528
f 3421/3421 3422/3422 3423/3423 3424/3424
v 0.5258781 1.7973750 0.3372181
vt 0.0896948 0.3619444
v 0.5258781 1.7973750 0.3362381
vt 0.0894615 0.3619444
v 0.5258781 1.7330625 0.3362381
vt 0.0894615 0.3721528
v 0.5258781 1.7330625 0.3372181
vt 0.0896948 0.3721528
f 3425/3425 3426/3426 3427/3427 3428/3428
v 0.5855969 1.7973750 0.3362381
vt 0.0894615 0.3619444
v 0.5855969 1.7973750 0.3372181
vt 0.0896948 0.3619444
v 0.5855969 1.7330625 0.3372181
vt 0.0896948 0.3721528
v 0.5855969 1.7330625 0.3362381
vt 0.0894615 0.3721528
f 3429/3429 3430/3430 3431/3431 3432/3432
v 0.5855969 1.7330625 0.3362381
vt 0.1428802 0.4286924
v 0.5855969 1.7330625 0.3372181
vt 0.1428802 0.4285368
v 0.5258781 1.7330625 0.3372181
vt 0.1286615 0.4285368
v 0.5258781 1.7330625 0.3362381
vt 0.1286615 0.4286924
f 3433/3433 3434/3434 3435/3435 3436/3436
v 0.5855969 1.7973750 0.3372181
vt 0.1428802 0.4285368
v 0.5855969 1.7973750 0.3362381
vt 0.1428802 0.4286924
v 0.5258781 1.7973750 0.3362381
vt 0.1286615 0.4286924
v 0.5258781 1.7973750 0.3372181
vt 0.1286615 0.4285368
f 3437/3437 3438/3438 3439/3439 3440/3440
o EM_emerging_bright_square_eye_1
usemtl glow
v 0.5346062 1.7912500 0.3348600
vt 0.6307396 0.8629167
v 0.5768688 1.7912500 0.3348600
vt 0.6408021 0.8629167
v 0.5768688 1.7422500 0.3348600
vt 0.6408021 0.8706944
v 0.5346062 1.7422500 0.3348600
vt 0.6307396 0.8706944
f 3441/3441 3442/3442 3443/3443 3444/3444
v 0.5768688 1.7912500 0.3358400
vt 0.6408021 0.8629167
v 0.5346062 1.7912500 0.3358400
vt 0.6307396 0.8629167
v 0.5346062 1.7422500 0.3358400
vt 0.6307396 0.8706944
v 0.5768688 1.7422500 0.3358400
vt 0.6408021 0.8706944
f 3445/3445 3446/3446 3447/3447 3448/3448
v 0.5346062 1.7912500 0.3358400
vt 0.5896948 0.8629167
v 0.5346062 1.7912500 0.3348600
vt 0.5894615 0.8629167
v 0.5346062 1.7422500 0.3348600
vt 0.5894615 0.8706944
v 0.5346062 1.7422500 0.3358400
vt 0.5896948 0.8706944
f 3449/3449 3450/3450 3451/3451 3452/3452
v 0.5768688 1.7912500 0.3348600
vt 0.5894615 0.8629167
v 0.5768688 1.7912500 0.3358400
vt 0.5896948 0.8629167
v 0.5768688 1.7422500 0.3358400
vt 0.5896948 0.8706944
v 0.5768688 1.7422500 0.3348600
vt 0.5894615 0.8706944
f 3453/3453 3454/3454 3455/3455 3456/3456
v 0.5768688 1.7422500 0.3348600
vt 0.6408021 0.9286924
v 0.5768688 1.7422500 0.3358400
vt 0.6408021 0.9285368
v 0.5346062 1.7422500 0.3358400
vt 0.6307396 0.9285368
v 0.5346062 1.7422500 0.3348600
vt 0.6307396 0.9286924
f 3457/3457 3458/3458 3459/3459 3460/3460
v 0.5768688 1.7912500 0.3358400
vt 0.6408021 0.9285368
v 0.5768688 1.7912500 0.3348600
vt 0.6408021 0.9286924
v 0.5346062 1.7912500 0.3348600
vt 0.6307396 0.9286924
v 0.5346062 1.7912500 0.3358400
vt 0.6307396 0.9285368
f 3461/3461 3462/3462 3463/3463 3464/3464
o emerging_coal_brow_1
usemtl steel
v 0.5205188 1.8068688 0.3337881
vt 0.1273854 0.1104375
v 0.5909562 1.8068688 0.3337881
vt 0.1441563 0.1104375
v 0.5909562 1.7921688 0.3337881
vt 0.1441563 0.1127708
v 0.5205188 1.7921688 0.3337881
vt 0.1273854 0.1127708
f 3465/3465 3466/3466 3467/3467 3468/3468
v 0.5909562 1.8068688 0.3347681
vt 0.1441563 0.1104375
v 0.5205188 1.8068688 0.3347681
vt 0.1273854 0.1104375
v 0.5205188 1.7921688 0.3347681
vt 0.1273854 0.1127708
v 0.5909562 1.7921688 0.3347681
vt 0.1441563 0.1127708
f 3469/3469 3470/3470 3471/3471 3472/3472
v 0.5205188 1.8068688 0.3347681
vt 0.0896948 0.1104375
v 0.5205188 1.8068688 0.3337881
vt 0.0894615 0.1104375
v 0.5205188 1.7921688 0.3337881
vt 0.0894615 0.1127708
v 0.5205188 1.7921688 0.3347681
vt 0.0896948 0.1127708
f 3473/3473 3474/3474 3475/3475 3476/3476
v 0.5909562 1.8068688 0.3337881
vt 0.0894615 0.1104375
v 0.5909562 1.8068688 0.3347681
vt 0.0896948 0.1104375
v 0.5909562 1.7921688 0.3347681
vt 0.0896948 0.1127708
v 0.5909562 1.7921688 0.3337881
vt 0.0894615 0.1127708
f 3477/3477 3478/3478 3479/3479 3480/3480
v 0.5909562 1.7921688 0.3337881
vt 0.1441563 0.1786924
v 0.5909562 1.7921688 0.3347681
vt 0.1441563 0.1785368
v 0.5205188 1.7921688 0.3347681
vt 0.1273854 0.1785368
v 0.5205188 1.7921688 0.3337881
vt 0.1273854 0.1786924
f 3481/3481 3482/3482 3483/3483 3484/3484
v 0.5909562 1.8068688 0.3347681
vt 0.1441563 0.1785368
v 0.5909562 1.8068688 0.3337881
vt 0.1441563 0.1786924
v 0.5205188 1.8068688 0.3337881
vt 0.1273854 0.1786924
v 0.5205188 1.8068688 0.3347681
vt 0.1273854 0.1785368
f 3485/3485 3486/3486 3487/3487 3488/3488
o FLAME_emerging_front_embers
usemtl flame
v 0.3591250 1.5615625 0.3329000
vt 0.0240000 0.9860000
v 0.6408750 1.5615625 0.3329000
vt 0.9760000 0.9860000
v 0.6408750 1.7330625 0.3329000
vt 0.9760000 0.0140000
v 0.3591250 1.7330625 0.3329000
vt 0.0240000 0.0140000
f 3489/3489 3490/3490 3491/3491 3492/3492
v 0.3591250 1.7330625 0.3329000
vt 0.0240000 0.0140000
v 0.6408750 1.7330625 0.3329000
vt 0.9760000 0.0140000
v 0.6408750 1.5615625 0.3329000
vt 0.9760000 0.9860000
v 0.3591250 1.5615625 0.3329000
vt 0.0240000 0.9860000
f 3493/3493 3494/3494 3495/3495 3496/3496
o FLAME_emerging_left_wrap
usemtl flame
v 0.3579000 1.5707500 0.6143437
vt 0.0240000 0.9860000
v 0.3579000 1.5707500 0.3356562
vt 0.9760000 0.9860000
v 0.3579000 1.9351875 0.3356562
vt 0.9760000 0.0140000
v 0.3579000 1.9351875 0.6143437
vt 0.0240000 0.0140000
f 3497/3497 3498/3498 3499/3499 3500/3500
v 0.3579000 1.9351875 0.6143437
vt 0.0240000 0.0140000
v 0.3579000 1.9351875 0.3356562
vt 0.9760000 0.0140000
v 0.3579000 1.5707500 0.3356562
vt 0.9760000 0.9860000
v 0.3579000 1.5707500 0.6143437
vt 0.0240000 0.9860000
f 3501/3501 3502/3502 3503/3503 3504/3504
o FLAME_emerging_right_wrap
usemtl flame
v 0.6421000 1.5799375 0.3356562
vt 0.0240000 0.9860000
v 0.6421000 1.5799375 0.6143437
vt 0.9760000 0.9860000
v 0.6421000 1.9168125 0.6143437
vt 0.9760000 0.0140000
v 0.6421000 1.9168125 0.3356562
vt 0.0240000 0.0140000
f 3505/3505 3506/3506 3507/3507 3508/3508
v 0.6421000 1.9168125 0.3356562
vt 0.0240000 0.0140000
v 0.6421000 1.9168125 0.6143437
vt 0.9760000 0.0140000
v 0.6421000 1.5799375 0.6143437
vt 0.9760000 0.9860000
v 0.6421000 1.5799375 0.3356562
vt 0.0240000 0.9860000
f 3509/3509 3510/3510 3511/3511 3512/3512
o FLAME_emerging_back_wrap
usemtl flame
v 0.6408750 1.5738125 0.6171000
vt 0.0240000 0.9860000
v 0.3591250 1.5738125 0.6171000
vt 0.9760000 0.9860000
v 0.3591250 1.9535625 0.6171000
vt 0.9760000 0.0140000
v 0.6408750 1.9535625 0.6171000
vt 0.0240000 0.0140000
f 3513/3513 3514/3514 3515/3515 3516/3516
v 0.6408750 1.9535625 0.6171000
vt 0.0240000 0.0140000
v 0.3591250 1.9535625 0.6171000
vt 0.9760000 0.0140000
v 0.3591250 1.5738125 0.6171000
vt 0.9760000 0.9860000
v 0.6408750 1.5738125 0.6171000
vt 0.0240000 0.9860000
f 3517/3517 3518/3518 3519/3519 3520/3520
o FLAME_emerging_front_left_flare
usemtl flame
v 0.3438125 1.6075000 0.3310625
vt 0.0240000 0.9860000
v 0.4020000 1.6075000 0.3310625
vt 0.9760000 0.9860000
v 0.4020000 1.8953750 0.3310625
vt 0.9760000 0.0140000
v 0.3438125 1.8953750 0.3310625
vt 0.0240000 0.0140000
f 3521/3521 3522/3522 3523/3523 3524/3524
v 0.3438125 1.8953750 0.3310625
vt 0.0240000 0.0140000
v 0.4020000 1.8953750 0.3310625
vt 0.9760000 0.0140000
v 0.4020000 1.6075000 0.3310625
vt 0.9760000 0.9860000
v 0.3438125 1.6075000 0.3310625
vt 0.0240000 0.9860000
f 3525/3525 3526/3526 3527/3527 3528/3528
o FLAME_emerging_front_right_flare
usemtl flame
v 0.5980000 1.5983125 0.3310625
vt 0.0240000 0.9860000
v 0.6561875 1.5983125 0.3310625
vt 0.9760000 0.9860000
v 0.6561875 1.8800625 0.3310625
vt 0.9760000 0.0140000
v 0.5980000 1.8800625 0.3310625
vt 0.0240000 0.0140000
f 3529/3529 3530/3530 3531/3531 3532/3532
v 0.5980000 1.8800625 0.3310625
vt 0.0240000 0.0140000
v 0.6561875 1.8800625 0.3310625
vt 0.9760000 0.0140000
v 0.6561875 1.5983125 0.3310625
vt 0.9760000 0.9860000
v 0.5980000 1.5983125 0.3310625
vt 0.0240000 0.9860000
f 3533/3533 3534/3534 3535/3535 3536/3536
o FLAME_emerging_top_flicker
usemtl flame
v 0.3591250 1.8402500 0.4995000
vt 0.0240000 0.9860000
v 0.6408750 1.8402500 0.4995000
vt 0.9760000 0.9860000
v 0.6408750 1.9811250 0.4995000
vt 0.9760000 0.0140000
v 0.3591250 1.9811250 0.4995000
vt 0.0240000 0.0140000
f 3537/3537 3538/3538 3539/3539 3540/3540
v 0.3591250 1.9811250 0.4995000
vt 0.0240000 0.0140000
v 0.6408750 1.9811250 0.4995000
vt 0.9760000 0.0140000
v 0.6408750 1.8402500 0.4995000
vt 0.9760000 0.9860000
v 0.3591250 1.8402500 0.4995000
vt 0.0240000 0.9860000
f 3541/3541 3542/3542 3543/3543 3544/3544
o EM_emerging_hot_coal_seam_-1_3.3
usemtl glow
v 0.3608094 1.6231187 0.4612188
vt 0.0893594 0.3896042
v 0.3623406 1.6231187 0.4612188
vt 0.0897240 0.3896042
v 0.3623406 1.6102562 0.4612188
vt 0.0897240 0.3916458
v 0.3608094 1.6102562 0.4612188
vt 0.0893594 0.3916458
f 3545/3545 3546/3546 3547/3547 3548/3548
v 0.3623406 1.6231187 0.5316563
vt 0.0897240 0.3896042
v 0.3608094 1.6231187 0.5316563
vt 0.0893594 0.3896042
v 0.3608094 1.6102562 0.5316563
vt 0.0893594 0.3916458
v 0.3623406 1.6102562 0.5316563
vt 0.0897240 0.3916458
f 3549/3549 3550/3550 3551/3551 3552/3552
v 0.3608094 1.6231187 0.5316563
vt 0.1359896 0.3896042
v 0.3608094 1.6231187 0.4612188
vt 0.1192187 0.3896042
v 0.3608094 1.6102562 0.4612188
vt 0.1192187 0.3916458
v 0.3608094 1.6102562 0.5316563
vt 0.1359896 0.3916458
f 3553/3553 3554/3554 3555/3555 3556/3556
v 0.3623406 1.6231187 0.4612188
vt 0.1192187 0.3896042
v 0.3623406 1.6231187 0.5316563
vt 0.1359896 0.3896042
v 0.3623406 1.6102562 0.5316563
vt 0.1359896 0.3916458
v 0.3623406 1.6102562 0.4612188
vt 0.1192187 0.3916458
f 3557/3557 3558/3558 3559/3559 3560/3560
v 0.3623406 1.6102562 0.4612188
vt 0.0897240 0.4088542
v 0.3623406 1.6102562 0.5316563
vt 0.0897240 0.3976736
v 0.3608094 1.6102562 0.5316563
vt 0.0893594 0.3976736
v 0.3608094 1.6102562 0.4612188
vt 0.0893594 0.4088542
f 3561/3561 3562/3562 3563/3563 3564/3564
v 0.3623406 1.6231187 0.5316563
vt 0.0897240 0.3976736
v 0.3623406 1.6231187 0.4612188
vt 0.0897240 0.4088542
v 0.3608094 1.6231187 0.4612188
vt 0.0893594 0.4088542
v 0.3608094 1.6231187 0.5316563
vt 0.0893594 0.3976736
f 3565/3565 3566/3566 3567/3567 3568/3568
o EM_emerging_hot_coal_seam_-1_5.7
usemtl glow
v 0.3608094 1.6966188 0.4612188
vt 0.0893594 0.3779375
v 0.3623406 1.6966188 0.4612188
vt 0.0897240 0.3779375
v 0.3623406 1.6837563 0.4612188
vt 0.0897240 0.3799792
v 0.3608094 1.6837563 0.4612188
vt 0.0893594 0.3799792
f 3569/3569 3570/3570 3571/3571 3572/3572
v 0.3623406 1.6966188 0.5316563
vt 0.0897240 0.3779375
v 0.3608094 1.6966188 0.5316563
vt 0.0893594 0.3779375
v 0.3608094 1.6837563 0.5316563
vt 0.0893594 0.3799792
v 0.3623406 1.6837563 0.5316563
vt 0.0897240 0.3799792
f 3573/3573 3574/3574 3575/3575 3576/3576
v 0.3608094 1.6966188 0.5316563
vt 0.1359896 0.3779375
v 0.3608094 1.6966188 0.4612188
vt 0.1192187 0.3779375
v 0.3608094 1.6837563 0.4612188
vt 0.1192187 0.3799792
v 0.3608094 1.6837563 0.5316563
vt 0.1359896 0.3799792
f 3577/3577 3578/3578 3579/3579 3580/3580
v 0.3623406 1.6966188 0.4612188
vt 0.1192187 0.3779375
v 0.3623406 1.6966188 0.5316563
vt 0.1359896 0.3779375
v 0.3623406 1.6837563 0.5316563
vt 0.1359896 0.3799792
v 0.3623406 1.6837563 0.4612188
vt 0.1192187 0.3799792
f 3581/3581 3582/3582 3583/3583 3584/3584
v 0.3623406 1.6837563 0.4612188
vt 0.0897240 0.4088542
v 0.3623406 1.6837563 0.5316563
vt 0.0897240 0.3976736
v 0.3608094 1.6837563 0.5316563
vt 0.0893594 0.3976736
v 0.3608094 1.6837563 0.4612188
vt 0.0893594 0.4088542
f 3585/3585 3586/3586 3587/3587 3588/3588
v 0.3623406 1.6966188 0.5316563
vt 0.0897240 0.3976736
v 0.3623406 1.6966188 0.4612188
vt 0.0897240 0.4088542
v 0.3608094 1.6966188 0.4612188
vt 0.0893594 0.4088542
v 0.3608094 1.6966188 0.5316563
vt 0.0893594 0.3976736
f 3589/3589 3590/3590 3591/3591 3592/3592
o EM_emerging_hot_coal_seam_-1_10.6
usemtl glow
v 0.3608094 1.8466813 0.4612188
vt 0.0893594 0.3541181
v 0.3623406 1.8466813 0.4612188
vt 0.0897240 0.3541181
v 0.3623406 1.8338188 0.4612188
vt 0.0897240 0.3561597
v 0.3608094 1.8338188 0.4612188
vt 0.0893594 0.3561597
f 3593/3593 3594/3594 3595/3595 3596/3596
v 0.3623406 1.8466813 0.5316563
vt 0.0897240 0.3541181
v 0.3608094 1.8466813 0.5316563
vt 0.0893594 0.3541181
v 0.3608094 1.8338188 0.5316563
vt 0.0893594 0.3561597
v 0.3623406 1.8338188 0.5316563
vt 0.0897240 0.3561597
f 3597/3597 3598/3598 3599/3599 3600/3600
v 0.3608094 1.8466813 0.5316563
vt 0.1359896 0.3541181
v 0.3608094 1.8466813 0.4612188
vt 0.1192187 0.3541181
v 0.3608094 1.8338188 0.4612188
vt 0.1192187 0.3561597
v 0.3608094 1.8338188 0.5316563
vt 0.1359896 0.3561597
f 3601/3601 3602/3602 3603/3603 3604/3604
v 0.3623406 1.8466813 0.4612188
vt 0.1192187 0.3541181
v 0.3623406 1.8466813 0.5316563
vt 0.1359896 0.3541181
v 0.3623406 1.8338188 0.5316563
vt 0.1359896 0.3561597
v 0.3623406 1.8338188 0.4612188
vt 0.1192187 0.3561597
f 3605/3605 3606/3606 3607/3607 3608/3608
v 0.3623406 1.8338188 0.4612188
vt 0.0897240 0.4088542
v 0.3623406 1.8338188 0.5316563
vt 0.0897240 0.3976736
v 0.3608094 1.8338188 0.5316563
vt 0.0893594 0.3976736
v 0.3608094 1.8338188 0.4612188
vt 0.0893594 0.4088542
f 3609/3609 3610/3610 3611/3611 3612/3612
v 0.3623406 1.8466813 0.5316563
vt 0.0897240 0.3976736
v 0.3623406 1.8466813 0.4612188
vt 0.0897240 0.4088542
v 0.3608094 1.8466813 0.4612188
vt 0.0893594 0.4088542
v 0.3608094 1.8466813 0.5316563
vt 0.0893594 0.3976736
f 3613/3613 3614/3614 3615/3615 3616/3616
o EM_emerging_hot_coal_seam_1_3.3
usemtl glow
v 0.6376594 1.6231187 0.4612188
vt 0.1552760 0.3896042
v 0.6391906 1.6231187 0.4612188
vt 0.1556406 0.3896042
v 0.6391906 1.6102562 0.4612188
vt 0.1556406 0.3916458
v 0.6376594 1.6102562 0.4612188
vt 0.1552760 0.3916458
f 3617/3617 3618/3618 3619/3619 3620/3620
v 0.6391906 1.6231187 0.5316563
vt 0.1556406 0.3896042
v 0.6376594 1.6231187 0.5316563
vt 0.1552760 0.3896042
v 0.6376594 1.6102562 0.5316563
vt 0.1552760 0.3916458
v 0.6391906 1.6102562 0.5316563
vt 0.1556406 0.3916458
f 3621/3621 3622/3622 3623/3623 3624/3624
v 0.6376594 1.6231187 0.5316563
vt 0.1359896 0.3896042
v 0.6376594 1.6231187 0.4612188
vt 0.1192187 0.3896042
v 0.6376594 1.6102562 0.4612188
vt 0.1192187 0.3916458
v 0.6376594 1.6102562 0.5316563
vt 0.1359896 0.3916458
f 3625/3625 3626/3626 3627/3627 3628/3628
v 0.6391906 1.6231187 0.4612188
vt 0.1192187 0.3896042
v 0.6391906 1.6231187 0.5316563
vt 0.1359896 0.3896042
v 0.6391906 1.6102562 0.5316563
vt 0.1359896 0.3916458
v 0.6391906 1.6102562 0.4612188
vt 0.1192187 0.3916458
f 3629/3629 3630/3630 3631/3631 3632/3632
v 0.6391906 1.6102562 0.4612188
vt 0.1556406 0.4088542
v 0.6391906 1.6102562 0.5316563
vt 0.1556406 0.3976736
v 0.6376594 1.6102562 0.5316563
vt 0.1552760 0.3976736
v 0.6376594 1.6102562 0.4612188
vt 0.1552760 0.4088542
f 3633/3633 3634/3634 3635/3635 3636/3636
v 0.6391906 1.6231187 0.5316563
vt 0.1556406 0.3976736
v 0.6391906 1.6231187 0.4612188
vt 0.1556406 0.4088542
v 0.6376594 1.6231187 0.4612188
vt 0.1552760 0.4088542
v 0.6376594 1.6231187 0.5316563
vt 0.1552760 0.3976736
f 3637/3637 3638/3638 3639/3639 3640/3640
o EM_emerging_hot_coal_seam_1_5.7
usemtl glow
v 0.6376594 1.6966188 0.4612188
vt 0.1552760 0.3779375
v 0.6391906 1.6966188 0.4612188
vt 0.1556406 0.3779375
v 0.6391906 1.6837563 0.4612188
vt 0.1556406 0.3799792
v 0.6376594 1.6837563 0.4612188
vt 0.1552760 0.3799792
f 3641/3641 3642/3642 3643/3643 3644/3644
v 0.6391906 1.6966188 0.5316563
vt 0.1556406 0.3779375
v 0.6376594 1.6966188 0.5316563
vt 0.1552760 0.3779375
v 0.6376594 1.6837563 0.5316563
vt 0.1552760 0.3799792
v 0.6391906 1.6837563 0.5316563
vt 0.1556406 0.3799792
f 3645/3645 3646/3646 3647/3647 3648/3648
v 0.6376594 1.6966188 0.5316563
vt 0.1359896 0.3779375
v 0.6376594 1.6966188 0.4612188
vt 0.1192187 0.3779375
v 0.6376594 1.6837563 0.4612188
vt 0.1192187 0.3799792
v 0.6376594 1.6837563 0.5316563
vt 0.1359896 0.3799792
f 3649/3649 3650/3650 3651/3651 3652/3652
v 0.6391906 1.6966188 0.4612188
vt 0.1192187 0.3779375
v 0.6391906 1.6966188 0.5316563
vt 0.1359896 0.3779375
v 0.6391906 1.6837563 0.5316563
vt 0.1359896 0.3799792
v 0.6391906 1.6837563 0.4612188
vt 0.1192187 0.3799792
f 3653/3653 3654/3654 3655/3655 3656/3656
v 0.6391906 1.6837563 0.4612188
vt 0.1556406 0.4088542
v 0.6391906 1.6837563 0.5316563
vt 0.1556406 0.3976736
v 0.6376594 1.6837563 0.5316563
vt 0.1552760 0.3976736
v 0.6376594 1.6837563 0.4612188
vt 0.1552760 0.4088542
f 3657/3657 3658/3658 3659/3659 3660/3660
v 0.6391906 1.6966188 0.5316563
vt 0.1556406 0.3976736
v 0.6391906 1.6966188 0.4612188
vt 0.1556406 0.4088542
v 0.6376594 1.6966188 0.4612188
vt 0.1552760 0.4088542
v 0.6376594 1.6966188 0.5316563
vt 0.1552760 0.3976736
f 3661/3661 3662/3662 3663/3663 3664/3664
o EM_emerging_hot_coal_seam_1_10.6
usemtl glow
v 0.6376594 1.8466813 0.4612188
vt 0.1552760 0.3541181
v 0.6391906 1.8466813 0.4612188
vt 0.1556406 0.3541181
v 0.6391906 1.8338188 0.4612188
vt 0.1556406 0.3561597
v 0.6376594 1.8338188 0.4612188
vt 0.1552760 0.3561597
f 3665/3665 3666/3666 3667/3667 3668/3668
v 0.6391906 1.8466813 0.5316563
vt 0.1556406 0.3541181
v 0.6376594 1.8466813 0.5316563
vt 0.1552760 0.3541181
v 0.6376594 1.8338188 0.5316563
vt 0.1552760 0.3561597
v 0.6391906 1.8338188 0.5316563
vt 0.1556406 0.3561597
f 3669/3669 3670/3670 3671/3671 3672/3672
v 0.6376594 1.8466813 0.5316563
vt 0.1359896 0.3541181
v 0.6376594 1.8466813 0.4612188
vt 0.1192187 0.3541181
v 0.6376594 1.8338188 0.4612188
vt 0.1192187 0.3561597
v 0.6376594 1.8338188 0.5316563
vt 0.1359896 0.3561597
f 3673/3673 3674/3674 3675/3675 3676/3676
v 0.6391906 1.8466813 0.4612188
vt 0.1192187 0.3541181
v 0.6391906 1.8466813 0.5316563
vt 0.1359896 0.3541181
v 0.6391906 1.8338188 0.5316563
vt 0.1359896 0.3561597
v 0.6391906 1.8338188 0.4612188
vt 0.1192187 0.3561597
f 3677/3677 3678/3678 3679/3679 3680/3680
v 0.6391906 1.8338188 0.4612188
vt 0.1556406 0.4088542
v 0.6391906 1.8338188 0.5316563
vt 0.1556406 0.3976736
v 0.6376594 1.8338188 0.5316563
vt 0.1552760 0.3976736
v 0.6376594 1.8338188 0.4612188
vt 0.1552760 0.4088542
f 3681/3681 3682/3682 3683/3683 3684/3684
v 0.6391906 1.8466813 0.5316563
vt 0.1556406 0.3976736
v 0.6391906 1.8466813 0.4612188
vt 0.1556406 0.4088542
v 0.6376594 1.8466813 0.4612188
vt 0.1552760 0.4088542
v 0.6376594 1.8466813 0.5316563
vt 0.1552760 0.3976736
f 3685/3685 3686/3686 3687/3687 3688/3688
